id1	uid1	bw1	ew1	b1	e1	len1	tok1	s1	gid1	id2	uid2	bw2	ew2	b2	e2	len2	tok2	s2	gid2	matches	score
JK000002-ara1.ms1	1310782102049208430	245	300	1169	1438	1439	300	رسول الله صلي الله عليه وسلم يقول ان حوضي م----ن عدن الي عمان البلقاء ماءه اشد بياضا من اللبن واحلي من العسل واكوابه عدد نجوم السماء من شرب منه شربة لا يظما بعدها ابدا اول الناس ورودا عليه فقراء المهاجرين فقال عمر بن الخطاب -من هم يا رسول الله قال هم الشعث رءوسا الدنس ثيابا------	3982132961308543232	JK000001-ara1.ms3269	-4358881507420354996	71	126	358	633	1486	300	رسول الله صلي الله عليه وسلم----- ان حوضي ما بين عدن الي عمان البلقان ماءه اشد بياضا من اللبن واحلي من العسل واكوابه عدد نجوم السماء من شرب منه شربة لم يظما بعدها ابدا اول الناس ورودا عليه فقراء المهاجرين فقال عمر بن الخطاب ومن هم يا رسول الله قال هم الشعث رءوسا الدنس ثيابا الذين	8989071251619580677	262	496.0
JK000002-ara1.ms10	9061899748091509484	12	93	53	432	1471	300	-خرج ايوب في سفر فتبعه ناس كثير-- فقال لولا اني اعلم ان الله عز وجل يعلم من قلبي اني لهذا كاره لخشيت المقت من الله عز وجل وبه حدثنا سليمان بن حرب عن حماد بن زيد قال دفع الي ايوب ثوبا فقال اقطعه لي قميصا واجعل فم كمه شبرا واجعله يقع علي ظهر القدم حدثنا اسحاق بن ابراهيم عن عبد الرزاق عن معمر قال عاتبت ايوب علي طول قميصه فقال ان الشهرة فيما مضي كانت في طوله وهي اليوم في تشميره حدثنا	3982132961308543232	JK000001-ara1.ms2007	757163648153689343	198	242	967	1178	1483	300	وخرج ايوب في سفر فشيعه ناس كثيرون فقال لولا اني اعلم ان الله------- يعلم من قلبي اني لهذا كاره لخشيت المقت من الله عز وجل وقال--------------------------------------------------------------------------------------------------------------------------------------------------------------- معمر---- عاتبت ايوب علي طول قميصه فقال ان الشهرة فيما مضي كانت في طوله وهي اليوم في تشميره وقال-	8989071251619580677	199	347.0
JK000002-ara1.ms12	6477899370715193399	19	192	83	935	1447	300	صلي الله عليه وسلم ما من احد الا ومعه ملكان وعليه حكمة يمسكان---ها فان هو رفع نفسه جبذاها ثم قالا اللهم ضعه وان وضع نفسه قالا اللهم ارفعه بها حدثنا مهدي بن حفص حدثنا اسماعيل ------------------------------------------------------------------------------------------------------------بن عياش عن مطعم بن المقدام الصنعاني عن عنبسة بن سعيد الكلاعي عن نصيح العنسي عن ركب المصري قال قال---- رسول الله صلي الله عليه وسلم طوبي لمن تواضع في غير منقصة وذل من غير مسكنة وانفق مالا جمعه في غير معصية ورحم اهل الذل والمسكنة وخالط اهل الفقه والحكمة حد-ثنا-------------------------- الحسن بن منصور بن سليمان القرشي حدثنا يحيي بن ميمون حدثني ابو--------------------------------------------------------------------- سلمة المديني عن ابيه عن جده قال صلي رسول الله صلي الله عليه وسلم عندنا بقباء وكان صاءما فاتيناه عند افطاره بقدح من لبن وجعلنا فيه شيءا من عسل فلما رفعه فذاقه وجد حلاوة العسل ق-ال ما هذا قلنا يا رسول الله جعلنا فيه شيءا من عسل فوضعه فقال اما اني لا احرمه ومن تواضع---- رفعه الله ومن تكبر وضعه الله ومن اقتصد اغناه و-----من بذر افقره الله ومن اكثر ذكر الله احبه الله حدثنا احمد	3982132961308543232	JK000001-ara1.ms2129	944599066444230754	38	232	176	1144	1472	300	صلي الله عليه وسلم ما من احد الا ومعه ملكان وعليه حكمة يمسكانه بها فان هو رفع نفسه جبذاها ثم قالا اللهم ضعه وان وضع نفسه قالا اللهم ارفعه حديث ما من احد الا ومعه ملكان وعليه حكمة يمسكانه بها الحديث اخرجه العقيلي في الضعفاء والبيهقي في الشعب من حديث ابي هريرة والبيهقي ايضا من حديث ا--------------------------------------------------------------------------------------بن عباس وكلاهما ضعيف وقال صلي الله عليه وسلم طوبي لمن تواضع في غير مسكنة -----------------وانفق مالا جمعه في غير معصية ورحم اهل الذل والمسكنة وخالط اهل الفقه والحكمة حديث طوبي لمن تواضع في غير مسكنة الحديث اخرجه البغوي وابن قانع والطبراني من حديث ركب المصري والبزار من حديث انس وقد تقدم بعضه في العلم وبعضه في افات اللسان وعن ابي سلمة المديني عن ابيه عن جده قال كان رسول الله صلي الله عليه وسلم عندنا بقباء وكان صاءما فاتيناه عند افطاره بقدح من لبن وجعلنا فيه شيءا من عسل فلما رفعه وذاقه وجد حلاوة العسل فقال ما هذا قلنا يا رسول الله جعلنا فيه شيءا من عسل فوضعه وقال اما اني لا احرمه ومن تواضع لله رفعه الله ومن تكبر وضعه الله ومن اقتصد اغناه الله ومن بذر افقره الله ومن اكثر ذكر الله احبه الله حديث ابي--	8989071251619580677	629	1116.5
JK000002-ara1.ms12	6477899370715193399	224	270	1074	1301	1447	300	الخيار قال سمعت عمر بن الخطاب يقول في العبد اذا تواضع لله عز وجل رفع الله حكمته وقال انتعش رفعك الله واذا تكبر وعدا طوره وهصه الله الي الارض وقال اخسا خساك الله فهو في نفسه عظيم وفي اعين الناس حقير حتي انه------ عندهم من الخنزير ايها	3982132961308543232	JK000001-ara1.ms2132	4854982435122694914	140	184	741	959	1529	300	الاثار قال----- عمر رضي الله عنه ان-- العبد اذا تواضع لله -------رفع الله حكمته وقال انتعش رفعك الله واذا تكبر وعدا طوره رهصه الله في- الارض وقال اخسا خساك الله فهو في نفسه كبير وفي اعين الناس حقير حتي انه لاحقر عندهم من الخنزير وقال	8989071251619580677	185	320.5
JK000002-ara1.ms13	883532010343835533	165	217	778	1027	1414	300	كان النبي صلي الله عليه وسلم ----في نفر من اصحابه في بيت- ياكلون فقام ساءل علي الباب وبه زمانة يتكره منها فاذن له فلما دخل اجلسه رسول الله صلي الله عليه وسلم علي فخذه ثم قال--- اطعم وكان رجل -من قريش اشماز منه ويكرهه فما مات ذلك الرجل حتي كانت به زمانة يتكره	3982132961308543232	JK000001-ara1.ms2130	7247495869771474447	61	115	292	548	1530	300	-ان النبي صلي الله عليه وسلم كان في نفر من اصحابه في بيته ياكلون فقام ساءل علي الباب وبه زمانة يتكره منها فاذن له فلما دخل اجلسه رسول الله صلي الله عليه وسلم علي فخذه ثم قال له اطعم فكان رجلا من قريش اشماز منه وتكر-ه فما مات ذلك الرجل حتي كانت به زمانة مثلها	8989071251619580677	239	440.5
JK000002-ara1.ms13	883532010343835533	4	109	19	525	1414	300	لقيت جرير بن عبد الله وهو جاء من الشام فسار بي فقال انتهيت مرة الي شجرة تحتها رجل قاءم قد استظل بنطع له وقد جاوزت الشمس النطع فسويته عليه ثم ان الرجل استيقظ فاذا هو سلمان الفارسي فذكرت له ما صنعت فقال--- يا جرير تواضع لله عز وجل في الدنيا فانه من تواضع لله عز وجل في الدنيا رفعه الله يوم القيامة يا جرير اتدري ما ظلمة النار يوم القيامة قلت لا قال فانه ظلم ------بعضهم بعضا في الدنيا حدثنا علي بن الجعد عن مسعر عن سعيد بن ابي بردة عن ابيه عن الاسود عن عاءشة رضي الله عنها قالت انكم لتغفلو---ن افضل العبادة- التواضع حدثنا	3982132961308543232	JK000001-ara1.ms2132	4854982435122694914	184	264	955	1356	1529	300	وقال جرير بن عبد الله------------------------------ انتهيت مرة الي شجرة تحتها رجل ناءم قد استظل بنطع له وقد جاوزت الشمس النطع فسويته عليه ثم ان الرجل استيقظ فاذا هو سلمان الفارسي فذكرت له ما صنعت فقال لي يا جرير تواضع لله------- في الدنيا فانه من تواضع لله------- في الدنيا رفعه الله يوم القيامة يا جوير اتدري ما ظلمة النار يوم القيامة قلت لا قال ا-نه ظلم الناس بعضهم----- في الدنيا وقالت-------------------------------------------------------------- عاءشة رضي الله عنها----- انكم لتغفلون عن افضل العبادات التواضع وقال-	8989071251619580677	372	631.5
JK000002-ara1.ms13	883532010343835533	4	65	19	311	1414	300	لقيت جرير بن عبد الله وهو جاء من الشام فسار بي فقال انتهيت مرة الي شجرة تحتها رجل قاءم--------- قد استظل بنطع له وقد جاوزت الشمس-------------------------------- النطع فسويته عليه ثم ان الرجل استيقظ فاذا هو سلمان الفارسي فذكرت له ما صنعت فقال يا جرير تواضع لله عز وجل في الدنيا فانه من تواضع لله عز وجل في الدنيا رفعه الله يوم القيامة	3982132961308543232	JK000001-ara1.ms3287	2123272728203246187	253	300	1235	1470	1471	300	وقال جرير بن عبد الله نزلنا الصفاح فاذ--------------------------------------ا رجل ناءم تحت شجرة قد كاد-------------------ت الشمس ان تبلغه فقلت للغلام انطلق بهذا النطع فاظله فانطلق فاظله فلما استيقظ فاذا هو سلمان فاتيته اسلم عليه فق--------ال يا جرير تواضع لله فان ------------------من تواضع لله------- في الدنيا رفعه الله يوم--------	8989071251619580677	129	143.5
JK000002-ara1.ms14	5528906482000749420	28	110	131	559	1508	300	صلي الله عليه وسلم خيرني ربي بين امري--------ن عبدا رسولا او ملكا نبيا فلم ادر ايهما اختار وكان صفيي من الملاءكة جبريل فرفعت راسي----- فقال تواضع لربك فقلت عبدا رسولا حدثنا محمد بن الحسين حدثنا ابراهيم بن الاشعث حدثنا عبد الله بن ميمون القداح عن اسماعيل بن امية قال قال ال-------------------------------------------------------------------------------------------------------له تبارك وتعالي ل---موسي صلي- الله عليه وسلم اني انما اقبل صلاة من تواضع لعظمتي ولم يتع-ظم علي خلقي والزم قلبه خوفي وقطع النهار- بذكري وكف نفسه عن الشهوات من اجلي واطعم الجاءع	3982132961308543232	JK000001-ara1.ms2130	7247495869771474447	157	244	755	1208	1530	300	صلي الله عليه وسلم خيرني ربي بين امرين ان اكون عبدا رسولا او ملكا نبيا فلم ادر ايهما اختار وكان صف-ي من الملاءكة جبريل فرفعت راسي اليه فقال تواضع لربك فقلت عبدا رسولا حد----------------------------------------يث خيرني ربي بي-------------------------------ن امرين عبدا رسولا وملكا نبيا الحديث اخرجه ابو يعلي من حديث عاءشة والطبراني من حديث ابن عباس وكلا الحديثين ضعيف واوحي الله -------تعالي الي موسي عليه السلا--------م---- انما اقبل صلاة من تواضع لعظمتي ولم يتعاظم علي خلقي والزم قلبه خوفي وقطع --نهاره بذكري وكف نفسه عن الشهوات من اجلي وقال صلي----	8989071251619580677	298	492.0
JK000002-ara1.ms14	5528906482000749420	171	212	877	1091	1508	300	يوسف بن اسباط قال يجزء قليل الورع من كثير العمل ويجزء قليل التواضع من كثير الاجتهاد حدثنا محمد بن علي حدثنا ابراهيم بن الاشعث قال سالت الفضي--------ل عن التواضع قال التواضع ان تخضع للحق وتنقاد له ولو سمعته من صبي قبلته منه	3982132961308543232	JK000001-ara1.ms2132	4854982435122694914	265	299	1357	1528	1529	300	يوسف بن اسباط---- يجزي قليل الورع من كثير العمل ويجزي قليل التواضع من كثير الاجتهاد وقال---------------------------------------------- الفضيل وقد سءل عن التواضع ما هو فقال- ان تخضع للحق وتنقاد له ولو سمعته من صبي قبلته ولو	8989071251619580677	146	252.0
JK000002-ara1.ms14	5528906482000749420	214	299	1096	1507	1508	300	سمعته من اجهل الناس قبلته منه حدثني محمد بن هارون حدثني ابو صالح الفراء قال سمعت بن المبارك يقول راس التواضع ان تضع نفسك عند من هو دونك في نعمة الدنيا حتي تعلمه ان- ليس لك بدنياك عليه فضل وان ترفع نفسك عمن هو فوقك في نعمة الدنيا حتي تعلمه انه ليس له بدنياه عليك فضل حدثنا نصر بن طرخان البلخي ابو محمد حدثنا عمر بن خالد عن قتادة قال من اعطي مالا او جمالا و--ثيابا و--علما ثم لم يتواضع---- كان عليه وبالا يوم القيامة حدثنا	3982132961308543232	JK000001-ara1.ms2133	7368023713834176054	0	63	1	303	1489	300	سمعته من اجهل الناس قبلته وقال ا-------------------------------------------------بن المبارك----- راس التواضع ان تضع نفسك عند من--- دونك في نعمة الدنيا حتي تعلمه انه ليس لك بدنياك عليه فضل وان ترفع نفسك عمن هو فوقك في----- الدنيا حتي تعلمه انه ليس له بدنياه عليك فضل وقال--------------------------------------------------- قتادة م----ن اعطي مالا او جمالا او ثيابا او علما ثم لم يتواضع فيه كان عليه وبالا يوم القيامة وقيل-	8989071251619580677	276	461.5
JK000002-ara1.ms15	4778361233506223490	62	296	312	1416	1430	300	اوحي الله تبارك وتعالي الي عيسي بن مريم صلي الله عليه وسل--م اذا انعمت عليك -نعمة فاستقبلها بالاستكانة ات-مها عليك حدثنا عبد الله بن ابي بدر حدثنا اسماعيل بن ابراهيم عن الجريري عن ابي الورد بن ثمامة عن عمرو بن مرداس عن كعب قال ما انعم الله عز وجل علي عبد من نعمة في الدنيا فشكرها لله وتواضع بها لله الا اعطاه الله عز وجل نفعها في الدنيا ورفع له بها درجة في الاخرة وما انعم الله عز وجل علي عبد من نعمة في الدنيا فلم يشكرها لله ولم يتواضع بها لله عز وجل الا منعه الله عز وجل نفعها في الدنيا وفتح له طبقا من النار يعذبه به ان شاء الله او يتجاوز عنه حدثني هارون بن سفيان حدثنا ابو عمر العمري حدثني علي بن عوف الازدي حدثني اسحاق بن سعيد بن عمرو بن سعيد قال قال يحيي بن الحكم بن ابي العاص لعبد الملك--------- اي الرجال افضل قال من تواضع عن رفعة وزهد علي قدرة وترك النصرة علي قومه حدثني الحسين بن عبد الرحمن حدثنا زكريا بن ابي خالد البلدي قال دخل -بن السماك علي هارون فقال يا امير المءمنين والله لتواضعك في شرفك اشرف لك من شرفك فقال ما احسن ما قلت فقال يا امير المءمنين ان امرا اتاه الله عز وجل جمالا في خلق-ه وموضعا في حسبه وبسط له في ذات يده فعف في جماله وواسي في ماله وتواضع في حسبه كتب في ديوان الله عز وجل من خالص الله عز----	3982132961308543232	JK000001-ara1.ms2133	7368023713834176054	64	216	304	1039	1489	300	اوحي الله -------تعالي الي عيسي -----------------عليه السلام اذا انعمت عليك بنعمة فاستقبلها بالاستكانة اتممها عليك وقال--------------------------------------------------------------------------------------------------- كعب---- ما انعم الله------- علي عبد من نعمة في الدنيا فشكرها لله وتواضع بها لله الا اعطاه الله------- نفعها في الدنيا ورفع ب---ها درجة في الاخرة وما انعم الله------- علي عبد من نعمة في الدنيا فلم يش-رها---- ولم يتواضع بها لله ا-------لا منعه الله------- نفعها في الدنيا وفتح له طبقا من النار يعذ---به ان شاء الله او يتجاوز عنه وقيل------------------------------------------------------------------------------------------------------------------------------------ لعبد الملك بن مروان اي الرجال افضل قال من تواضع عن قدرة وزهد عن رغب-ة وترك النصرة عن قوة و---------------------------------------------------------------دخل ابن السماك علي هارون فقال يا امير المءمنين ان تو----اضعك في شرفك اشرف لك من شرفك فقال ما احسن ما قلت فقال يا امير المءمنين ان امرا اتاه الله ج-------مالا في خلقته وموضعا في حسبه وبسط له في ذات يده فعف في جماله وواسي من ماله وتو-ضع في حسبه كتب في ديوان الله -------من خالص اولياء الله	8989071251619580677	675	1140.5
JK000002-ara1.ms18	-9063591409189704449	184	276	901	1392	1519	300	صلي الله عليه وسلم الكرم التقوي والشرف التواضع واليقين الغني حدثنا عبد الله بن--------------------------------------- ابي بدر اخبرنا شعيب بن حرب حدثنا صالح المري قال خرج الحسن ويونس وايوب يتذاكرون التواضع فقال لهما الحسن وهل تدرون ما التواضع التواضع ان تخرج من منزلك فلا تلق مسلما الا رايت له عليك فضلا حدثنا اسحاق بن ابراهيم حدثنا ابو يزيد الرازي حدثنا اسحاق بن ابراهيم بن يزيد حدثنا مسلمة بن جعفر عن سعد الطاءي قال كان عيسي بن مريم يقول طوبي ----------للمتواضعين في الدنيا هم اصحاب المناءر يوم القيامة طوبي للمصلحين بين الناس في الدنيا هم	3982132961308543232	JK000001-ara1.ms2130	7247495869771474447	244	299	1205	1529	1530	300	صلي الله عليه وسلم الكرم التقوي والشرف التواضع واليقين الغني حديث الكرم التقوي والشرف التواضع واليقين الغني اخرجه ابن ابي الدنيا في كتاب اليقين مرسلا واسند الحاكم اوله------------------------------------------------------------------------------------------ من رواية الحسن------------------------------------------------------------------------------------------------------------------------------ عن سمرة وقال صحيح الاسناد وقال المسيح عليه السلام طوبي للمتواضعين في الدنيا هم اصحاب المنابر يوم القيامة طوبي للمصلحين بين الناس في الدنيا هم	8989071251619580677	173	260.0
JK000002-ara1.ms19	4156449546844140727	133	164	639	787	1393	300	بلغني ان النبي صلي الله عليه وسلم قال اذا هدي الله عز وجل عبدا للاسلام وحسن صورته وجعله في موضع غير شاءن له ورزقه مع ذلك تواضعا فذلك من صفوة الله عز--	3982132961308543232	JK000001-ara1.ms2131	4433216288760814133	20	49	117	260	1546	300	بلغني ان النبي صلي الله عليه وسلم قال اذا هدي الله------- عبدا للاسلام وحسن صورته وجعله في موضع غير شاءن له ورزقه مع ذلك تواضعا فذلك من صفوة الله حديث	8989071251619580677	139	262.5
JK000002-ara1.ms2	2141287682283315118	119	229	597	1140	1484	300	بن عبد الرحمن حدثني---------------- محمد بن سويد قال قحط اهل المدينة وكان بها رجل صالح ------------لازم لمسجد النبي رسول الله صلي الله عليه وسلم فبينما هم في دعاءهم اذ جاء ر--جل عليه طمران خلقان فصلي ركعتين واوجز فيهما ثم بسط يديه فقال يا رب اقسمت عليك الا امطرت علينا الساعة فلم يرد يديه ولم يقطع دعاءه حتي تغشت السماء بالغي-م وامطروا حتي صاح اهل المدينة من مخافة الغرق فقال يا رب ان كنت تعلم انهم قد اكتفوا فارفع عنهم فسكن وتبع الرجل صاحب- المطر ح------تي عرف منزله ثم بكر عليه فخرج اليه فقال اني اتيتك في حاجة -قال وما هي قال تخصني بدعوة قال سبحان الله انت انت وتسالني--- اخصك بدعوة	3982132961308543232	JK000001-ara1.ms2009	-8272160057593068993	186	299	931	1487	1488	300	بن عبد الرحمن وهو الزرقي متروك وقال محمد بن سويد---- قحط اهل المدينة وكان بها رجل صالح لا يءبه له ملازم لمسجد النبي---------- صلي الله عليه وسلم------- هم في دعاءهم اذ جاءهم رجل عليه طمران خلقان فصلي ركعتين -اوجز فيهما ثم بسط يديه فقال يا رب اقسمت عليك الا امطرت علينا الساعة فلم يرد يديه ولم يقطع دعاءه حتي تغشت السماء بالغمام وامطروا حتي صاح اهل المدينة من مخافة الغرق فقال يا رب ان كنت تعلم انهم قد اكتفوا فارفع عنهم وسكن وتبع الرجل صاحبه الذي استسقي حتي عرف منزله ثم بكر عليه فخرج اليه فقال اني اتيتك في حاجة فقال م-ا هي قال تخصني بدعوة قال سبحان الله انت انت وتسالني ان اخصك------	8989071251619580677	499	905.5
JK000002-ara1.ms2	2141287682283315118	0	35	1	180	1484	300	الذين لا ينكحون المتنعمات ولا تفتح لهم ابواب السدد---------------------------------------------------------------------------------------- فقال عمر بن عبد العزيز------ لقد ------------------------------------فتحت ------لي السدد ونكحت المتنعمات ---لا جرم لا ادهن راسي حتي يشعث ولا اغسل ثوبي الذي يلي بدني حتي يتسخ حدثنا	3982132961308543232	JK000001-ara1.ms3269	-4358881507420354996	126	188	628	944	1486	300	الذين لا ينكحون المتنعمات ولا تفتح لهم ابواب السدد حديث ثوبان ان حوضي ما بين عدن الي عمان البلقاء الحديث اخرجه الترمذي وقال غريب وابن ماجه فقال عمر بن عبد العزيز والله لقد نكحت المتنعمات فاطمة بنت عبد الملك وفتحت لي ابواب السدد الا ان يرحمني الله لا جرم لا ادهن راسي حتي يشعث ولا اغسل ثوبي الذي علي جسدي حتي يتسخ وعن--	8989071251619580677	152	228.5
JK000002-ara1.ms21	-8578108752589136858	0	102	1	489	1442	300	رايت عمر بن الخطاب رضي الله عنه خرج الي السوق وبيده الدرة وعليه ازار فيه اربع عشرة رقعة بعضها--- ادم وبه حدثنا شعيب بن حرب عن سليمان بن المغيرة عن ثابت عن انس قال رايت بين كتفي عمر رحمه الله اربع رقاع حدثني سريج بن يونس حدثنا علي بن هاشم عن اسماعيل البزار عن ام عفيف قالت رايت علي بن ابي طالب مءتزرا ببرد احمر من برود الحمالين فيه رقعة بيضاء حدثنا خلف بن سالم حدثنا وكيع عن سفيان عن عمر بن قيس ان عليا رضي الله عنه رءي عليه ازار مرقوع فعوتب في لبوسه فقال يقتدي به المءمن ويخشع له القلب حدثني	3982132961308543232	JK000001-ara1.ms2159	-6388242749911897309	93	129	466	645	1476	300	رايت عمر بن الخطاب رضي الله عنه خرج الي السوق وبيده الدرة وعليه ازار فيه اربع عشرة رقعة بعضها من ادم و--------------------------------------------------------------------------------------------------------------------------------------------------------------------------------------------------------------------------------------------------------------------------------------------------عوتب علي- كرم الله وجهه في از-----ار مرقوع--------------- فقال يقتدي به المءمن ويخشع له القلب وقال-	8989071251619580677	158	275.0
JK000002-ara1.ms23	7458757911607585085	206	274	1027	1344	1462	300	سعيد بن سويد من حرس عمر بن عبد العزيز قال صلي بنا عمر بن عبد العزيز الجمعة ثم جلس وعليه قميص مرقوع الجيب من بين يديه ومن خلفه فقال له رجل يا امير المءمنين ان الله عز وجل قد اعطاك فلو لبست وصنعت فنكس----- مليا حتي عرفنا ان ذلك قد ساءه ثم رفع راسه اليه فقال ان افضل القصد عند الجدة و---افضل العفو عند المقدرة حدثنا عبيد الله بن--	3982132961308543232	JK000001-ara1.ms2159	-6388242749911897309	226	279	1125	1377	1476	300	سعيد بن سويد ص-----------------------------لي بنا عمر بن عبد العزيز الجمعة ثم جلس وعليه قميص مرقوع الجيب من بين يديه ومن خلفه فقال له رجل يا امير المءمنين ان الله -------قد اعطاك فلو لبس------ت فنكس راسه مليا -------------------------ثم رفع راسه فق-----ال ان افضل القصد عند الجدة وان افضل العفو عند ال-قدرة --وقال صلي الله عليه	8989071251619580677	230	389.0
JK000002-ara1.ms3	4922538109784438643	137	300	644	1544	1545	300	بن منبه قال لما بعث الله تبارك وتعالي موسي وهارون-------------- الي فرعون قال لا يرعكم---ا لباسه الذي لبس من الدنيا فان ناصيته بيدي ليس ينطق ولا يطرف ولا يتنفس الا باذني ولا يعجب-كما ما -متع به منها فانما هي زهرة الحياة الدنيا وزينة المترفين ولو شءت ان ازينكما بزينة من الدنيا يعرف فرعون حين يراها ان مقدرته تعجز عما اوتيتما لفعلت ولكني ارغب بكما عن ذلك فازوي ذلك عنكما وكذلك افعل باولياءي وقديما ما خرت لهم في امور الدنيا اني لاذودهم عن نعيمها كما يذود الراعي الشفيق غنمه عن موارد الهلكة واني لاجنبهم سلوتها كما يجنب الراعي الشفيق ابله عن مبارك العرة وما ذاك لهوانهم علي ولكن ليستكملوا نصيبهم من كرامتي سالما موفورا لم يكمله الطمع ولم تنتقصه الدنيا بغرورها انما يتزين لي اولياءي بالذل والخشوع والخوف --------والتقوي تثبت في قلوبهم فتظهر علي اجسادهم فهي ثيابهم التي يلبسون ودثارهم الذي يظهرون وضميرهم الذي يستشعرون ونجاتهم التي بها يفوزون ورجاءهم الذي اياه يءملون ومجدهم الذي به يفخرون وسيماهم التي بها يعرفون فاذا لقيتهم فاخفض----	3982132961308543232	JK000001-ara1.ms1887	8514726050835361017	26	177	133	970	1633	300	بن منبه---- لما بعث الله عز وجل------ موسي وهارون عليهما السلام الي فرعون قال لا يرو عنكما لباسه الذي لبس من الدنيا فان ناصيته بيدي ليس ينطق ولا يطرف ولا يتنفس الا باذني ولا يعجبنكما ما تمتع به منها فانما هي زهرة الحياة الدنيا وزينة المترفين فلو شءت ان ازينكما بزينة من الدنيا يعرف فرعون حين يراها ان -قدرته تعجز عما اوتيتما لفعلت ولكني ارغب بكما عن ذلك فازوي ذلك عنكما وكذلك افعل باولياءي--------------------------------- اني لاذودهم عن نعيمها كما يذود الراعي الشفيق غنمه عن مراتع الهلكة واني لاجنبهم ملاذها كما يجنب الراعي الشفيق ابله عن منازل الغرة وما ذاك لهوانهم علي ولكن ليستكملوا نصيبهم من كرامتي سالما موفرا------------------------------------------ انما يتزين لي اولياءي بالذل و--------الخوف والخضوع والتقوي تنبت في قلوبهم وتظهر علي اجسادهم فهي ثيابهم التي يلبسون ودثارهم الذي يظهرون وضميرهم الذي يستشعرون ونجاتهم التي بها يفوزون ورجاءهم الذي اياه ياملون ومجدهم الذي به يفخرون وسيماهم التي بها يعرفون فاذا لقيتهم فاخفض لهم	8989071251619580677	781	1458.5
JK000002-ara1.ms3	4922538109784438643	53	127	231	605	1545	300	عن عمر ا---------نه دخل المسجد فاذا هو بمعاذ بن جبل يبكي عند قبر رسول الله صلي الله عليه وسلم فقال ما يبكيك يا معاذ قال حديث سمعته من رسول الله صلي الله عليه وسلم سمعت رسول الله صلي الله عليه وسلم يقول--- اليسير من الرياء شرك وان الله يحب الاتقياء الاخفياء الابرار الذين اذا غابوا لم يف-قدوا واذا حضروا لم يعرفوا قلوبهم مصابيح الهدي ينجون من كل غبراء مظلمة حدثنا خلف بن --هشام البزار حدثنا	3982132961308543232	JK000001-ara1.ms2009	-8272160057593068993	100	164	490	808	1488	300	ان عمر رضي الله عنه دخل المسجد فراي ----معاذ بن جبل يبكي عند قبر رسول الله صلي الله عليه وسلم فقال ما يبكيك فقال س--------------------------------------------------معت رسول الله صلي الله عليه وسلم يقول ان اليسير من الرياء---- وان الله يحب الاتقياء الاخفياء-------- الذين ان- غابوا لم يفتقدوا وان- حضروا لم يعرفوا قلوبهم مصابيح الهدي ينجون من كل غبراء مظلمة حديث معاذ بن جبل ان اليسير من---	8989071251619580677	275	459.0
JK000002-ara1.ms30	-1805852600039730088	16	193	78	935	1451	300	-عن ابي سلمة بن عبد الرحمن قال التقي عبد الله بن عمر- وعبد الله بن عمرو علي المروة فتوافقا فمضي -بن عمرو واقام -بن عمر يبكي -قال --ما يبكيك يا ابا عبد الرحمن----- هذا ي---------عني بن عمرو زعم انه سمع رسول الله صلي الله عليه وسلم يقول من كان في قلبه مثقال حبة من خردل من كبر اكبه الله--------- علي وجهه في النار حدثني يحيي بن عبد الحميد الحماني حدثنا جعفر بن سل-----------------------------------------------------------------------يمان عن ثابت عن انس قال مر النبي صلي الله عليه وسلم في طريق ومرت امراة سوداء فقال لها رجل الطريق فقالت الطريق ثمة فقال النبي صلي الله عليه وسلم دعوها فانها جبارة حدثنا اسحاق بن اسماعيل حدثنا ابو معاوية عن عمر ابن راشد عن اياس بن سلمة بن الاكوع عن ابيه قال قال رسول الله صلي الله عليه وسلم لا يزال الرجل يذهب بنفسه حتي يكتب في الجبارين فيصيبه ما اصابهم من العذاب حدثني هارون بن عبد الله حدثنا ابراهيم بن عبد- الرحمن بن مهدي حدثنا سيار عن جعفر قال سمعت مالك بن دينار قال قا-----------------------------------------------ل سليمان بن داود-------------- يوما للطير والجن والانس والبهاءم اخرجوا	3982132961308543232	JK000001-ara1.ms2122	-81879590254844470	151	300	751	1473	1474	300	وعن ابي سلمة بن عبد الرحمن قال التقي عبد الله بن عمرو وعبد الله بن عمر- علي الصفا- فتواقفا فمضي ابن عمرو واقام ابن عمر يبكي فقالوا ما يبكيك يا ابا عبد الرحمن فقال هذا يعني عبد الله بن عمرو زعم انه سمع رسول الله صلي الله عليه وسلم يقول من كان في قلبه مثقال حبة من خردل من كبر اكبه الله في النار علي وجهه حديث------------------ عبد الله بن عمرو من كان في قلبه مثقال حبة من كبر كبه الله في النار علي وجهه اخرجه احمد والبيهقي في شعب الايمان من----------------------------------------------- طريقه باسناد صحيح وق--------------------------------------------------------------------------------------------------------------------------------------------------------------------------------------ال رسول الله صلي الله عليه وسلم لا يزال الرجل يذهب بنفسه حتي يكتب في الجبارين فيصيبه ما اصابهم من العذاب حد---------------------------------يث لا يزال الرجل يذهب بنفسه حتي يكتب في الجبارين الحديث اخرجه الترمذي وحسنه من حديث سلمة بن الاكوع دون قوله من العذاب وقال سليمان بن داود عليهما السلام يوما للطير ------والانس والجن----------	8989071251619580677	439	687.5
JK000002-ara1.ms30	-1805852600039730088	192	233	920	1126	1451	300	والبهاءم -------اخرجوا ----مءتي الف من الانس وم-ءتي الف من الجن فرفع حتي سمع زجل الملاءكة بالتسبيح في السماء- ثم خفض حتي مست قدما-ه البحر فسمع صوتا يقول لو كان في قلب صاحبكم مثقال ذرة من كبر لخسفت به ابعد مما رفعته حدثنا	3982132961308543232	JK000001-ara1.ms2123	2701023132204355928	0	42	1	215	1568	300	والبهاءم اخرجوا فخرجوا في ماءتي الف من الانس وماءتي الف من الجن فرفع حتي سمع زجل الملاءكة بالتسبيح في السموات ثم خفض حتي مست اقدامه البحر فسمع صوتا----- لو كان في قلب صاحبكم مثقال ذرة من كبر لخسفت به ابعد مما رفعته وقال-	8989071251619580677	189	339.5
JK000002-ara1.ms31	1738864502270254536	101	172	502	868	1503	300	صلي الله عليه وسلم يقول بءس العبد عبد تجبر واعتدي ونسي الجبار الاعلي وبءس العبد عبد تخيل واختال ونسي الكبير المتعال وبءس العبد عبد سهي ولهي ونسي المقابر والبلي وبءس العبد عبد عتي وبغي ونسي البدء -والمنتهي حد-----ثنا ابو عبد الرحمن عبد الله بن ابي ----------------------------------زياد حدثنا سيار عن جعفر بن سليمان ------------------------------------------------------------------------------------------------------عن ثابت قا----ل بلغنا انه قيل يا رسول الله ما اعظم كبر فلان ق-ال اليس بعده الموت حدثنا ابو خيثمة	3982132961308543232	JK000001-ara1.ms2123	2701023132204355928	188	283	986	1491	1568	300	صلي الله عليه وسلم----- بءس العبد عبد تجبر واعتدي ونسي الجبار الاعلي -بءس العبد عبد تجبر واختال ونسي الكبير المتعال -بءس العبد عبد غفل وسها ونسي المقابر والبلي -بءس العبد عبد عتا وبغي ونسي المبدا والمنتهي حديث بءس العبد عبد تجبر واعتدي الحديث اخرجه الترمذي من حديث اسماء بنت عميس بزيادة فيه مع تقديم وتاخير وقال غريب وليس اسناد بالقوي ورواه الحاكم في المستدرك وصححه ورواه البيهقي في الشعب من حديث نعيم بن عمار وضعفه وعن ثابت انه قال بلغنا انه قيل يا رسول الله ما اعظم كبر فلان فقال اليس بعده الموت حديث ثابت بلغنا	8989071251619580677	280	445.5
JK000002-ara1.ms31	1738864502270254536	192	282	950	1418	1503	300	عبد الله بن عمرو ان رسول الله صلي الله عليه وسلم قال ان نوحا------------ لما حضرته الوفاة دعا ابنيه فقال اني قاص عليكم الوصية امركما باثنتين وانهاكما عن اثنتين انهاكما عن الشرك والكبر وامركما بلا اله الا الله فان السماوات والارض-- وما فيهن لو وضعت في كفة الميزان ووضعت لا اله الا الله في الكفة الاخري كانت ارجح منهما ولو ان السماوات والارض-- وما فيهن كانت- حلقة وكانت لا اله الا الله عليهما تقصمهما وامركما بسبحان الله وبحمده فانهما صلاة كل شء وبهما يرزق كل شء حدثنا عبد الرحمن بن صالح	3982132961308543232	JK000001-ara1.ms2124	5590969915665068229	6	95	33	493	1604	300	عبد الله بن عمرو ان رسول الله صلي الله عليه وسلم قال ان نوحا عليه السلام لما حضرته الوفاة دعا ابنيه وقال اني----------------- امركما باثنتين وانهاكما عن اثنتين انهاكما عن الشرك والكبر وامركما بلا اله الا الله فان السم-وات والارضين وما فيهن لو وضعت في كفة الميزان ووضعت لا اله الا الله في الكفة الاخري كانت ارجح منهما ولو ان السم-وات والارضين وما فيهن كانتا حلقة فوضعت لا اله الا الله عليه-ا لقصمتها وامركما بسبحان الله وبحمده فانه-ا صلاة كل شء وبه-ا يرزق كل شء حديث- عبد ال--له بن عمرو	8989071251619580677	427	768.5
JK000002-ara1.ms32	-7744966084538682441	115	218	544	1032	1405	300	-بن ادم --مثلا للدنيا حدثني ابو- عبد الله بن بجير وابو خيثمة قالا حدثنا بن--------- علية عن يونس عن الحسن عن ------عتي عن ابي بن كعب قال ان مطعم -بن ادم ضرب للدنيا مثلا وان قزحه وملحه فقد علم الي ما يصير قال ابو بكر يعني الابزار وملحه الي ما يصير حدثنا اسحاق بن اسماعيل حدثنا----------------------------------------------------------------------------------------------------------------------------------------------------- سفيان عن بن المرتفع سمع بن الزبير في قوله تعالي وفي انفسكم افلا تبصرون قال سبيل الغاءط---- والبول حدثني محمد بن عباد حدثنا غسان بن مالك عن حماد بن سلمة عن الكلبي عن ابي صالح عن بن عباس في قوله تعالي فلينظر الانسان الي طعامه قال الي خرءه	3982132961308543232	JK000001-ara1.ms1895	-5041493787206031262	186	286	886	1383	1445	300	ابن ادم قد ضرب للدنيا مثلا ورواه عبد الله بن احمد في زياداته بلفظ جعل وقال صلي الله علي---ه وسلم ان الله ضرب الدنيا لمطعم ابن ادم مثلا وضرب مطعم ابن ادم---- للدنيا مثلا وان قزحه وم-----------------------------------------------------------------------------------------------لحه حديث ان الله ضرب الدنيا لمطعم ابن ادم مثلا وضرب مطعم ابن ادم للدنيا مثلا الحديث الشطر الاول منه غريب والشطر الاخير هو الذي تقدم من حديث الضحاك بن سفيان ---ان الله ضرب ما يخرج من بني ادم مثلا للدنيا وقال الحسن قد رايتهم يطيبونه بالافاويه والطيب ثم يرمون به حيث رايتم وقد قال الله عز وجل----------------------------------------------------------- فلينظر الانسان الي طعامه قال ابن عباس	8989071251619580677	139	-31.0
JK000002-ara1.ms34	2558895418494366563	0	152	1	812	1487	300	الله عليه وسلم قال اهل النار كل جعظري جواظ مستكبر جماع مناع واهل الجنة الضعفاء المغلوبون حدثنا بن جميل اخبرنا عبد الله اخبرنا هشام بن عرو--------ة عن---- محمد--------- بن المنكدر ان رسو------------ل الله------------------------- صلي الله عليه وسلم قال ان احبكم الينا واقربكم منا في الاخرة احاسنكم اخلاقا وان ابغضكم الينا وابعدكم منا الثرثارون والمتشدقون المتفيهقون المتكبرون قالوا يا رسول الله قد علمنا الثرثارون والمتشدقون فما المتفيهقون قال المتكبرون حدثنا بن جميل اخبرنا عبد الله اخبرنا معمر عن قتادة ولا تصعر خدك للناس قال هو الاعراض ان يكلمك الرجل وانت معرض عنه حدثنا ابو خيثمة حدثنا سليمان بن حيان الاحمر عن ابن عجلان عن عمرو بن شعيب عن ابيه عن جده قال قال رس--------------------------------------------------------------------------------------------------------------------------------------------------------------------------ول الله------- صلي الله عليه وسلم يحشر المتكبرون يوم القيامة---------------------------- ذرا في مثل صور الرجال يعلوهم كل شء من الصغار ثم يساقون الي سجن في جهنم يقال له بولس تعلوهم نار الانيار يسقون من طينة الخبال عصارة اهل النار حدثني محمد	3982132961308543232	JK000001-ara1.ms2124	5590969915665068229	143	298	750	1593	1604	300	الله عليه وسلم---- اهل النار كل جعظري جواظ مستكبر جماع مناع واهل الجنة الضعفاء المقل--ون حديث اهل النار كل جعظري جواظ مستكبر جماع مناع وهي الزيادة عندهما من حديث حارثة بن وهب الخزاعي الا اخبركم باهل النار كل عتل جواظ مستكبر وقال صلي الله عليه وسلم ----ان احبكم الينا واقربكم منا في الاخرة احاسنكم اخلاقا وان ابغضكم الينا وابعدكم منا الثرثارون -المتشدقون المتفيهقون ----------قالوا يا رسول الله قد علمنا الثرثارون والمتشدقون فما المتفيهقون---- المتكبرون حديث-------------------------------------------------------------------------------- ---------------------------------------------------------------ان ا------------------------------------------------------------حبكم الينا واقربكم منا في الاخرة احاسنكم اخلاقا الحديث اخرجه احمد من حديث ابي ثعلبة الخشني بلفظ الي ومني وفيه انقطاع ومكحول لم يسمع من ابي ثعلبة وقد تقدم في رياضة النفس اول الحديث وقال صلي الله عليه وسلم يحشر المتكبرون يوم القيامة في مثل صور الذر تطءهم الناس ذرا في مثل صور الرجال يعلوهم كل شء من ال-غار ثم يساقون الي سجن في جهنم يقال له بولس يعلوهم نار الانيار يسقون من طين -الخبال عصارة اهل النار حديث يحشر-	8989071251619580677	503	728.0
JK000002-ara1.ms34	2558895418494366563	120	268	650	1356	1487	300	يوم القيامة ذرا في مثل صور الرجال يعلوهم كل شء من الصغار ثم يساقون الي سجن في جهنم يقال له بولس تعلوهم نار الانيار يسقون من طينة الخبال عصارة اهل النار حدثني محمد بن عثمان العقيلي حدثنا محمد بن راشد الضرير المنقري عن محمد بن--------- عمر عن ابي سلمة بن عبد الرحمن عن ابي هري-رة قال قال رسول الله صلي الله عليه وسلم يحشر المتكبرون -ال-جبارون يوم القيامة في صور الذر يطءهم الناس لهوانهم علي الله عز وجل حدثنا احمد بن منيع وابو خيثمة قالا حدثنا يزيد بن هارون عن ازهر بن سنان القرشي ----------------------------------------------------------------------------عن محمد بن واسع الازدي قال دخلت علي بلال بن ابي بردة فقلت له يا بلال ان اباك حدثني عن ابيه عن النبي صلي الله عليه وسلم---- قال ان في جهنم واديا يقال له هبهب حقا علي الله عز وجل ان يسكنه كل جبار فاياك يا بلال ان تكون ممن يسكنه وحدثت عن ابي همام	3982132961308543232	JK000001-ara1.ms2125	5788791062558695546	0	115	1	577	1489	300	يوم القيامة ذرا في---- صور الرجال الحديث اخرجه الترمذي من رواية----------------------------------------------------------------------------------------------------------------------------------------------------------------- عمرو بن شعيب عن ابيه عن جده وقال غريب وقال ابو هريرة قال -ال-------نبي صلي الله عليه وسلم يحشر ال-جبارون والمتكبرون يوم القيامة في صور الذر تطءهم الناس نهوا-هم علي الله تعالي حديث ابي هريرة يحشر الجبارون والمتكبرون يوم---------------------------- القيامة في صور الذر الحديث اخرجه البزار هكذا مختصرا دون قوله الجبارون واسناده حسن وعن محمد بن واسع ق-------ال دخلت علي بلال بن ابي بردة فقلت له يا بلال ان اباك حدثني عن ابيه عن النبي صلي الله عليه وسلم انه قال ان في جهنم واديا يقال له هبهب حق- علي الله -------ان يسكنه كل جبار فاياك يا بلال ان تكون ممن يسكنه حديث---- ابي موسي	8989071251619580677	358	553.5
JK000002-ara1.ms35	-5686140053751068249	0	208	1	993	1432	300	نقص من عقله بقدر ما دخل من ذلك قل او كثر حدثني علي بن نصر بن بجير عن شيخ من قريش قال قال الحسن السجود يذهب بالكبر والتوحيد يذهب بالرياء حدثني ابراهيم بن سعيد حدثنا حسين بن محمد حدثنا بن ابي ذءب عن القاسم عن بن عياش عن نافع بن جبير انه قال ان الناس يقولون فيه تيه والله لقد ركبت الحمار ولبست الشملة حدثني محمد بن جعفر حدثنا منصور عن عمار حدثنا عبد الله بن لهيعة عن عبد الله بن هبيرة ان سلمان سءل عن -------السيءة التي لا تنفع معها حسنة -قال الكبر حدثني ابو محمد حدثنا ابراهيم بن زياد حدثنا جعفر بن سليمان عن ثابت قال قيل يا رسول الله ان فلانا عظيم في نفسه قال اليس بعد----------------ه الموت حدثني بشر بن معاذ------------------------------------------------------------------------------ العقدي حدثني محمد بن عبد الله القرشي حدثني ابي قال قال يونس بن عبيد لا كبر مع السجود ولا نفاق مع التوحيد باب الاختيال حدثنا محمد بن بكار حدثنا عبد الرحمن بن ابي الزناد عن ابيه عن الاعرج عن ابي هريرة قال قال رسول الله صلي الله عليه وسلم لا ينظر الله يوم القيامة الي رجل يجر ازاره بطرا وق-------------------------------------------------------------------ال صلي الله عليه وسلم بينما رجل يتبختر في برديه قد اعجبته نفسه -خسف الله به الارض فهو يتجلجل فيها الي يوم القيامة حدثنا بن--	3982132961308543232	JK000001-ara1.ms2126	8320321790552950505	173	299	882	1523	1524	300	نقص من عقله بقدر ما دخل من ذلك--- او كثر و-------------------------------------------------------------------------------------------------------------------------------------------------------------------------------------------------------------------------------------------------------------------------------------------------------------------------------------------------------------سءل سليمان عن السيءة التي لا تنفع معها حسنة فقال الكبر وقال النع---------------------------------------------مان بن بشير علي المنبر---------- ان للشيطان مصالي وفخوخا وان من مصالي الشيطان وفخوخه البطر بانعم الله والفخر باعطاء الله والكبر علي عباد الله واتباع الهوي في غير ذات الله نسال الله تعالي العفو والعافية في الدنيا والاخرة بمنه وكرمه بيان ذل ا---------------------------------------------------------لاختيال واظهار اثار الكبر في المشي وجر الثياب ق-----------------------------------------------ال رسول الله صلي الله عليه وسلم لا ينظر الله ا------------لي رجل يجر ازاره بطرا حديث لا ينظر الله الي من جر ازاره بطرا متفق عليه من حديث ابي هريرة وقال صلي الله عليه وسلم بينما رجل يتبختر في بردته اذ اعجبته نفسه فخسف الله به الارض فهو يتجلجل فيها الي يوم القيامة حديث بينما	8989071251619580677	305	399.5
JK000002-ara1.ms35	-5686140053751068249	267	300	1273	1431	1432	300	الثمالي قال قال رسول الله صلي الله عليه وسلم يقول القبر للميت حين يوضع فيه ويحك يا -بن ادم ما غرك بي الم تعلم اني بيت الفتنة وبيت الظلمة وبيت الوحدة وبيت الدود---	3982132961308543232	JK000001-ara1.ms3208	3783384798301605489	265	297	1362	1520	1528	300	----الاحياء قال رسول الله صلي الله عليه وسلم يقول القبر للميت حين يوضع فيه ويحك يا ابن ادم ما غرك بي الم تعلم اني بيت الفتنة وبيت الظلمة وبيت الوحدة وبيت الدود ما	8989071251619580677	150	285.0
JK000002-ara1.ms36	6971044360228848846	218	288	1034	1361	1416	300	صلي الله عليه وسلم من جر ثوبه خيلاء لم ينظر الله عز وجل اليه يوم القيامة حدثنا اسحاق بن اسماعيل حدثنا سفيان قال سمعناه من زيد بن اسلم قال دخلت علي عبد الله بن عمر فمر به عبد الله -بن واقد وعليه ثوب جديد فسمعته يقول اي بني ارفع ازارك فاني سمعت رسول الله صلي الله عليه وسلم يقول لا ينظر الله عز وجل الي من جر ازاره خيلاء حدثنا ابو	3982132961308543232	JK000001-ara1.ms2127	-7319051951946161688	15	70	76	333	1474	300	صلي الله عليه وسلم من جر ثوبه خيلاء لا ينظر الله -------اليه يوم القيامة وقال-------------------------------------------- زيد بن اسلم---- دخلت علي ا--------بن عمر فمر به عبد الله ابن واقد وعليه ثوب جديد فسمعته يقول اي بني ارفع ازارك فاني سمعت رسول الله صلي الله عليه وسلم يقول لا ينظر الله -------الي من جر ازاره خيلاء حديث ابن-	8989071251619580677	244	433.0
JK000002-ara1.ms36	6971044360228848846	79	191	381	919	1416	300	الاهتم يريد المقصورة وعليه جباب خز قد نضد بضعها فوق بعض علي ساقه وانفرج عنها قبا-ه وهو يمشي يتبختر اذ نظر اليه الحسن نظرة فقال اف لك شامخ بانفه ثاني عطفه مصعر خده ينظر في عطفيه اي حميق انت تنظر في عطفيك في نعم غير مشكورة ولا مذكورة غير الماخوذ بامر الله عز وجل فيها ولا المءدي حق الله منها والله ان يمشي احدهم طبيعته ان يتخلج تخلج المجنون في كل عضو من اعضاءه لله نعمة وللشيطان به لعنة فسمع -بن الاهتم فرجع يعتذر فق-----ال لا تعتذر الي وتب الي ربك عز وجل اما سمعت قول الله عز وجل ولا تمش في الارض مرحا انك لن تخرق الارض ولن تبلغ الجبال طولا حدثنا	3982132961308543232	JK000001-ara1.ms2128	8315785361403596786	2	109	11	534	1483	300	الاهتم يريد المقصورة وعليه جباب خز قد نضد بعضها فوق بعض علي ساقه وانفرج عنها قباءه وهو يمشي يتبختر اذ نظر اليه الحسن نظرة فقال اف اف شامخ بانفه ثاني عطفه مصعر خده ينظر في عطفيه اي حميق انت تنظر في عطفيك في نعم غير مشكورة ولا مذكورة غير الماخوذ بامر الله------- فيها ولا المءدي حق الله منها والله ان يمشي احد-- طبيعته--- يتخلج تخلق المجنون في كل عضو من اعضاءه لله نعمة وللشيطان به لفتة فسمع ابن الاهتم فرجع يعتذر اليه فقال لا تعتذر الي وتب الي ربك------- اما سمعت قول الله تعالي ول-ا تمش في الارض مرحا انك لن تخرق الارض ولن تبلغ الجبال طولا ومر--	8989071251619580677	496	932.0
JK000002-ara1.ms37	-6025348424526682980	259	300	1232	1423	1424	300	رسول الله صلي الله عليه وسلم---- يوما علي كفه ثم وضع اصبعه عليه وقال يقول الله عز وجل بن ادم اني تعجزني وقد خلقتك من مثل هذه حتي اذا سويتك وعدلتك مشيت بين بردين وللارض منك وءيد جمعت ومنعت حتي اذا-----	3982132961308543232	JK000001-ara1.ms2127	-7319051951946161688	108	147	502	697	1474	300	رسول الله صلي الله عليه وسلم بصق يوما علي كفه و--وضع اصبعه عليه وقال يقول الله تعالي ابن ادم ا---تعجزني وقد خلقتك من مثل هذه حتي اذا سويتك وعدلتك مشيت بين بردين وللارض منك وءيد جمعت ومنعت حتي اذا بلغت	8989071251619580677	178	323.0
JK000002-ara1.ms37	-6025348424526682980	4	91	15	439	1424	300	بالحسن شاب عليه بزة له حسنة فدعاه فقال ب----ن ادم معجب بشبابه معجب بجماله كان القبر قد واري بدنك وكانك قد لاقيت عملك يا ويحك داو قلبك فان حاجة الله عز وجل الي العباد صلاح قلوبهم حدثني ابو الحسن الشيباني حدثني شيخ لنا ان عمر -بن عبد العزيز حج قبل ان يستخلف فنظر اليه طاوس وهو يختال في مشيته فغمز جنبه باصبعه وقا--ل ليست هذه مشية من في بطنه خر-ء فقال عمر كالمعتذر يا عمر--- ضرب كل عضو مني علي هذه المشية حتي تعلمتها حدثنا احمد بن ابراهيم	3982132961308543232	JK000001-ara1.ms2128	8315785361403596786	110	191	535	922	1483	300	بالحسن شاب عليه بزة له حسنة فدعاه فقال له ابن ادم معجب بشبابه محب لشماءله كان القبر قد واري بدنك وكانك قد لاقيت عملك--- ويحك داو قلبك فان حاجة الله -------الي العباد صلاح قلوبهم وروي ----------------------------------ان عمر ابن عبد العزيز حج قبل ان يستخلف فنظر اليه طاوس وهو يختال في مشيته فغمز جنبه باصبعه ثم قال ليست هذه مشية من في بطنه خراء فقال عمر كالمعتذر يا عم لقد ضرب كل عضو مني علي هذه المشية حتي تعلمتها وراي م-حمد بن واسع---	8989071251619580677	348	621.0
JK000002-ara1.ms4	-2503558379488720277	0	21	1	113	1482	300	لهم جناحك وذلل لهم قلبك ولسانك واعلم انه من اخاف لي وليا فقد بارزني بالمحاربة ثم انا الثاءر له يوم القيامة حدثنا	3982132961308543232	JK000001-ara1.ms1887	8514726050835361017	177	198	967	1078	1633	300	لهم جناحك وذلل لهم قلبك ولسانك واعلم انه من اخاف لي وليا فقد بارزني بالمحاربة ثم انا الثاءر له يوم القيامة وخطب-	8989071251619580677	107	205.0
JK000002-ara1.ms4	-2503558379488720277	103	248	508	1233	1482	300	الله --------------بن مسعود قال كونوا ينابيع العلم مصابيح الهدي احلاس البيوت سرج الليل جدد القلوب خلقان الثياب تعرفون في اهل السماء وتخفون في اهل الارض حدثنا اسحاق بن اسماعيل حدثنا سفيان بن عيينة عن ابي خالد قال قال عمر بن الخطاب رضي الله عنه كونوا اوعية الكتاب وينابيع العلم وسلوا الله رزق يوم بيوم وعدوا انفسكم مع الموتي ولا يضركم الا يكثر لكم حدثنا اسحاق بن ابراهيم حدثنا بن المبارك عن يحيي بن ايوب عن عبيد الله بن زحر عن علي بن يزيد عن القاسم عن ابي امامة قال قال رسول الله صلي الله عليه وسلم -قال الله------ ان اغبط اولياءي عندي مءمن خفيف الحاذ ذو حظ من صلاة احسن عبادة ربه واطاعه في السر وكان غامضا في الناس لا يشار اليه بالاصابع فمن صبر علي ذلك قال ثم نقر رسول الله صلي الله عليه وسلم بيده وقال عجلت منيته وقل تراثه وقلت بواكيه حدثنا اسحاق	3982132961308543232	JK000001-ara1.ms2010	-5535505109329751777	15	101	73	512	1523	300	الله فاعطاني وقال ابن مسعود كون----وا ينابيع العلم مصابيح الهدي احلاس البيوت سرج الليل جدد القلوب خلقان الثياب تعرفون في اهل السماء وتخفون في اهل الارض وقال ابو----------------------------------------------------------------------------------------------------------------------------------------------------------------------------------------------------------------------------------------------------------------------------------------------------- امامة ق----ال رسول الله صلي الله عليه وسلم يقول الله تعالي ان اغبط اولياءي عبد- مءمن خفيف الحاذ ذو حظ من صلاة احسن عبادة ربه واطاعه في السر -كان غامضا في الناس لا يشار اليه بالاصابع ثم- صبر علي ذلك قال ثم نقر رسول الله صلي الله عليه وسلم بيده فقال عجلت منينه وقل تراثه وقلت بواكيه حديث ابي---	8989071251619580677	396	725.5
JK000002-ara1.ms5	-770913751400207896	53	148	242	706	1448	300	عبد الله بن عمرو قال---------------- احب عباد الله الي الله الغرباء قيل ومن الغرباء قال الفرارون بدينهم يج-معون يوم القيامة الي عيسي بن مريم عليه السلام حدثنا محمد بن علي بن شقيق حدثنا ابراهيم بن الاشعث قال سمعت الفضيل يقول--- بلغني ان الله تعالي يقول للعبد في بعض منته التي من بها علي----ه الم انعم عليك الم اعطك الم استرك الم الم الم اخمد ذكرك قال وسمعته يق---------و-------------------------------------------------------------------------------------------------------------------------------------------------------------------------------------------------------------------------------------------------------------------------------------------------------------------------------------------------ل ان قدرت---- ان لا تعرف فافعل وما عليك ا--لا تعرف وما عليك ا--لا يثني عليك وما عليك ان تكون مذموما عند الناس اذا كنت محمودا عند الله عز---	3982132961308543232	JK000001-ara1.ms2010	-5535505109329751777	118	271	608	1362	1523	300	عبد الله بن عمر رضي الله تعالي عنهما احب عباد الله الي الله الغرباء قيل ومن الغرباء قال الف-ارون بدينهم يجتمعون يوم القيامة الي ------المسيح عليه الس------------------------------------------------------لام وقال الفضيل بن عياض بلغني ان الله تعالي يقول------ في بعض ما ي------من به- علي عبده الم انعم عليك ال---------م استرك ال--------م اخمل ذكرك وكان الخليل بن احمد يقول اللهم اجعلني عندك من ارفع خلقك واجعلني عند نفسي من اوضع خلقك واجعلني عند الناس من اوسط خلقك وقال الثوري وجدت قلبي يصلح بمكة والمدينة مع قوم غرباء اصحاب قوت وعناء وقال ابراهيم بن ادهم ما قرت عيني يوما في الدنيا قط الا مرة بت ليلة في بعض مساجد قري الشام وكان بي البطن فجرني المءذن برجلي صلي الله عليه وسلم حتي اخرجني من المسجد وقال الفضيل ان قدرت علي ان لا تعرف فافعل وما عليك ان لا تعرف وما عليك ان لا يثني عليك وما عليك ان تكون مذموما عند الناس اذا كنت محمودا عند الله تعالي	8989071251619580677	335	534.5
JK000002-ara1.ms6	8855567342330237503	243	271	1223	1358	1500	300	ابراهيم بن ادهم قال --------------ما فزت في الدنيا قط الا مرة بت ليلة في بعض مساجد قري الشام وكان في البطن فجر --المءذن -رجلي------------------- حتي اخرجني من المسجد حدثنا	3982132961308543232	JK000001-ara1.ms2010	-5535505109329751777	206	239	1055	1217	1523	300	ابراهيم بن ادهم---- ما قرت عيني يوما في---- الدنيا قط الا مرة بت ليلة في بعض مساجد قري الشام وكان بي البطن فجرني المءذن برجلي صلي الله عليه وسلم حتي اخرجني من المسجد وقال-	8989071251619580677	119	200.0
JK000002-ara1.ms7	8066908738080087799	17	107	72	502	1426	300	انس بن مالك عن رسول الله صلي الله عليه وسلم ا----------------------------نه قال- حسب امرء من الشر الا من عصمه الله عز وجل ان يشير الناس اليه بالاصابع في دينه ودنيا-----------------ه حدثنا اسحاق بن------------------------------------------------------------------------ البهلول التنوخي حدثنا بن ابي فديك حدثنا محمد بن سليمان الاخنسي عن عبد الواحد بن ابي كثير عن جابر بن عبد الله قال رسول الله صلي الله عليه وسلم بحسب المرء من الشر الا من عصم- الله عز --وجل ان يشير------ اليه بالاصابع في دينه ودنياه ان الله لا ينظر الي صوركم ولكن ينظر الي قلوبكم واعمالكم اه--	3982132961308543232	JK000001-ara1.ms2006	-6537563790453070956	84	175	442	886	1520	300	---------------------انس رضي الله ع----------نه قال رسول الله صلي الله عليه وسلم حسب امرء من الشر------------------------ ان يشير الناس اليه بالاصابع في دينه ودنياه الا من عصمه الله حديث انس حسب امرء من الشر الا من عصمه ان يشير الناس اليه بالاصابع في دينه ودنياه اخرجه البيهقي في الشعب بسند ضعيف وقال------------------------------------------------------------ جابر بن عبد الله قال رسول الله صلي الله عليه وسلم بحسب المرء من الشر الا من عصمه الله من السوء ان يشير الناس اليه بالاصابع في دينه ودنياه ان الله لا ينظر الي صوركم ولكن ينظر الي قلوبكم واعمالكم حديث	8989071251619580677	264	406.5
JK000002-ara1.ms7	8066908738080087799	151	177	718	844	1426	300	يا ابا سعيد ان الناس اذا راوك اشاروا اليك بالاصابع -قال انه لم يعن بهذا هذا -انما عني به به المبتدع في دينه والفاسق في دني حدثني-	3982132961308543232	JK000001-ara1.ms2006	-6537563790453070956	275	299	1398	1519	1520	300	يا ابا سعيد ان الناس اذا راوك اشاروا اليك بالاصابع فقال انه لم يعن----- هذا وانما عني ---به المبتدع في دينه والفاسق في دنياه وقال	8989071251619580677	112	193.0
JK000002-ara1.ms7	8066908738080087799	193	240	916	1149	1426	300	تبذل ل-ا تش-هر ولا ترفع شخصك لتذكر وتعلم -اكتم واصمت تسلم تسر الابرار وتغيظ الفجار حدثني احمد بن ابراهيم حدثنا احمد بن كردوس حدثنا مخلد بن الحسين عن ابي بكر بن الفضل قال سمعت ايوب --------يقو---ل ما صدق الله عبد الا سره ان لا يشعر بمكانه وبه حدثنا	3982132961308543232	JK000001-ara1.ms2007	757163648153689343	4	46	19	236	1483	300	تبذل ولا تشتهر ولا ترفع شخصك لتذكر وتعلم واكتم واصمت تسلم تسر الابرار وتغيظ الفجار وقال--------- ابراهيم ابن ادهم رحمه الله ما صدق الله من احب الشهرة وقال-------------------- ايوب السختياني والله ما صدق الله عبد الا سره ان لا يشعر بمكانه وعن خالد-	8989071251619580677	149	200.5
JK000002-ara1.ms8	-8425236251289491114	223	254	1087	1241	1448	300	خالد بن معدان انه كان اذا كثرت حلقته قام مخافة الشهرة حدثنا اسحاق بن اسماعيل حدثنا جرير عن ليث عن ابي العالية انه كان اذا جلس اليه اكثر من ثلاثة قام حدثنا	3982132961308543232	JK000001-ara1.ms2007	757163648153689343	46	69	232	345	1483	300	خالد بن معدان انه كان اذا كثرت حلقته قام مخافة الشهرة و----------------------------------------عن ابي العالية انه كان اذا جلس اليه اكثر من ثلاثة قام وراي-	8989071251619580677	108	194.0
JK000002-ara1.ms9	5355174411346984039	2	190	10	915	1458	300	قال -راي طلحة قوما يمشون معه اكثر من عشرة فقال ذبان طمع وفراش النار حدثنا ابراهيم بن زياد سبلان وابو مسلم قالا حدثنا عبد الله بن ادريس عن هارون بن عنترة عن سليم بن حنظلة قال بينا نحن حول ابي بن كعب نمشي خلفه اذ راه عمر فعلاه بالدرة فقال انظر يا امير المءمنين ما تصنع فقال ان هذا ذلة للتابع وفتنة للمتبوع وبه حدثنا حماد بن زيد عن عون عن الحسن قال خرج ب-ن مسعود ذات يوم من منزله فاتبعه الناس فالتفت اليهم فقال علام تتبعوني -والله لو تعلمون ما اغلق عليه بابي ما اتبعني منكم رجلان وبه عن يزيد بن حازم قال سمعت الحسن يقول ان خفق النعل خلف- الرج-ل قل ما يلبث----- قلوب الحمقي حدثنا ابو عدنان المقري حدثنا يوسف بن عطية قال خرج الحسن ذات يوم فاتبعه قوم فالتفت اليهم فقال هل لكم من حاجة والا فما عسي ان يبقي هذا من قلب المءمن حدثنا سبلان حدثنا ضمرة قال حدثني عمير بن عبد الملك الكناني ان رجلا صحب ب-ن محيريز في سفر فلما اراد ان يفارقه قال اوصني -قال ان استطعت ان لا تعرف ولا تعرف وتمشي ولا يمشي اليك وتسال ولا تسال فافعل حدثنا	3982132961308543232	JK000001-ara1.ms2007	757163648153689343	68	198	337	971	1483	300	قام وراي طلحة قوما------ معه نحوا من عشرة فقال ذباب طمع وفراش --نار وقال----------------------------------------------------------------------------------- سليم بن حنظلة---- بينا نحن حول ابي بن كعب نمشي خلفه اذ راه عمر فعلاه بالدرة فقال انظر يا امير المءمنين ما تصنع فقال ان هذه ذلة للتابع وفتنة للمتبوع و----------------------------عن الحسن قال خرج ابن مسعود يوما ---من منزله فاتبعه --ناس فالتفت اليهم فقال علام تتبعوني فوالله لو تعلمون ما اغلق عليه بابي ما اتبعني منكم رجلان وقال الحسن -----------------------------ان خفق النعال حول الرجال قل-ما تلبث عليه قلوب الحمقي وخر---------------------------------------------ج الحسن ذات يوم فاتبعه قوم فق-------------ال هل لكم من حاجة والا فما عسي ان يبقي هذا من قلب المءمن وروي ------------------------------------------------------ان رجلا صحب ابن محيريز في سفر فلما ---------فارقه قال اوصني فقال ان استطعت ان تعر---ف ولا تعرف وتمشي ولا يمشي اليك وتسال ولا تسءل فافعل وخرج-	8989071251619580677	571	993.0
