id1	uid1	bw1	ew1	b1	e1	len1	tok1	s1	seq1	gid1	id2	uid2	bw2	ew2	b2	e2	len2	tok2	s2	seq2	gid2	matches	score
Shamela0023596-ara1.completed.ms005	-4183286390798745073	9	84	45	433	1599	300	الله- صلى الله عليه وآله وسلم أوتيت جوامع الكلم فإن شئت أن تعرف ذلك فتدبر قوله سبحانه خذ العفو وأمر بالعرف وأعرض عن الجاهلين الأعراف كيف جمع له بهذا الكلام كل خلق عظيم لأن في أخذ العفو صلة القاطعين والصفح عن الظالمين وإعطاء المانعين وفي الأمر بالعر--ف تقوى الله وصلة الأرحام وصون اللسان عن الكذب وغض الطرف ع---------------------ن الحرمات---------------------------------------------- وإنما سمي هذا وما أشبهه عرفا و معروفا لأن كل نفس تعرفه وكل قلب يطمئن إليه	5	-2298784228722095805	Shamela0023594-ara1.ms0699	6408128849406295719	35	105	166	534	1559	300	النبي صلى الله علي-----ه وسلم أوتيت جوامع الكلم فإن شئت أن تعرف ذلك فتدبر في هذه الآية---------------------------------------------- كيف جمع له في هذا----- كل خلق عظيم لأن في أخذ العفو صلة القاطعين والصفح عن الظالمين وإعطاء المانعين وفي الأمر بالمعروف تقوى الله وصلة الأرحام--------------------- وغض البصر وفي الإعراض عن الجاهلين الحلم وتنزيه النفس عن مماراة السفيه وعن منازعة اللجوج وإنما سمي المعروف------------- معروفا لأن كل نفس تعرفه وكل قلب يطمئن إليه	699	-6146459113630397427	264	422.0
Shamela0023596-ara1.completed.ms005	-4183286390798745073	167	208	894	1107	1599	300	على نفسه ولطفه ووحدانيته وهدى للحجة على من ضل عنه لأنه لو كان ظهور الثمرة بالماء والتربة لوجب في القياس أ--لا تختلف ---------الطعوم ولا يقع التفاضل في الجنس الواحد إذا نبت في مغرس واحد وسقي بماء واحد ولكنه صنع اللطيف الخبير	5	-2298784228722095805	Shamela0023594-ara1.ms0971	-2763730702633940683	12	52	71	277	1602	300	على نفسه وبراهينه------------------ على من ضل عنه لأنه لو كان ظهور الثمار بالماء والتراب لوجب في القياس أن لا تختلف الألوان والطعوم ولا يقع التفاضل في الجنس الواحد إذا ثبت في مغرس واحد وسقي بماء واحد ولكنه صنع اللطيف الخبير	971	-6146459113630397427	184	330.5
Shamela0023596-ara1.completed.ms006	-1755682244988668842	136	212	706	1121	1599	300	إن المنافقين في الدرك الأسفل من النار ولن تجد لهم نصيرا إلا الذين تابوا وأصلحوا واعتصموا بالله وأخلصوا دينهم لله النساء فدل على أن المنافقين شر من كفر به وأولاهم بمقته وأبعدهم من الإنابة إليه لأنه شرط عليهم في التوبة الإصلاح والاعتصام ولم يشرط ذلك على غيرهم ثم شرط الإخلاص لأن النفاق ذنب القلب والإخلاص توبة القلب ثم قال فأولئك مع المؤمنين النساء ولم يقل فأولئك هم المؤمنون ثم قال وسوف يؤت الله المؤمنين أجرا عظيما	6	-2298784228722095805	Shamela0023594-ara1.ms0427	4619386029675748448	54	83	312	478	1690	300	إن المنافقين في الدرك الأسفل من النار ولن تجد لهم نصيرا إلا الذين تابوا وأصلحوا واعتصموا بالله وأخلصوا دينهم لله فأو----------------------------------------------------------------------------------------------------------------------------------------------------------------------------------------------------------------لئك مع المؤمنين----------------------------------------- وسوف يؤت الله المؤمنين أجرا عظيما	427	-6146459113630397427	163	309.0
Shamela0023596-ara1.completed.ms006	-1755682244988668842	92	114	487	601	1599	300	ومنهم من يستمعون إليك أفأنت تسمع الصم ولو كانوا لا يعقلون ومنهم من ينظر إليك أفأنت تهدي العمي ولو كانوا لا يبصرون	6	-2298784228722095805	Shamela0023594-ara1.ms0845	7836469555532524263	196	218	1005	1119	1499	300	ومنهم من يستمعون إليك أفأنت تسمع الصم ولو كانوا لا يعقلون ومنهم من ينظر إليك أفأنت تهدي العمي ولو كانوا لا يبصرون	845	-6146459113630397427	114	228.0
Shamela0023596-ara1.completed.ms012	65665515638469271	72	131	396	708	1656	300	قوله تعالى وإما تخافن من قوم خيانة---------------------------------------------------------------------------------------------------------------------------------- فانبذ إليهم على سواء الأنفال ----------------------------------------------------------------------------------------------------------------------------------------------------------------------------------------------------------------------------------------------------------------------------لم تستطع أن تأتي بهذه الألفاظ مؤدية عن المعنى الذي أودعته حتى تبسط مجموعها وتصل مقطوعها وتظهر مستورها فتقول إن كان بينك وبين قوم هدنة وعهد فخفت منهم خيانة ونقضا فأعلمهم أنك قد نقضت ما شرطت لهم وآذنهم بالحرب لتكون أنت وهم في العلم بالنقض على استواء	12	-2298784228722095805	Shamela0023594-ara1.ms0733	-4780072534029187220	75	205	388	1046	1556	300	قوله تعالى وإما تخافن من قوم خيانة يعني وإن علمت من قوم نقض العهد والخيانة أن يؤتمن الرجل على شيء فلا يؤدي الأمانة وسمي ناقض العهد خائنا لأنه اؤتمن بالعهد فغدر ونكث فانبذ إليهم على سواء يعني فأعلمهم بأنك قد نقضت العهد وأعلمهم بالحرب لتكون أنت وهم في العلم بالنقض على سواء وقال القتبي إذا أردت أن تعرف فضل العربية على غيرها فانظر في الآية وقد ترجموا سائر الكتب ومن أراد أن يترجم القرآن إلى لغة أخرى فلا يمكنه ذلك لأنك لو أردت أن تنقل قوله وإما تخافن من قوم خيانة لم تستطع بهذا للفظ ما لم------------------------------------- تبسط مجموعه-------------ا وتظهر مستورها فتقول إن كان بينك وبين قوم هدنة وعهد فخفت منهم خيانة ونقضا فأعلمهم أنك قد نقضت ما شرطت لهم وآذنهم بالحرب لتكون أنت وهم في العلم بالنقض على --سواء	733	-6146459113630397427	237	347.5
Shamela0023596-ara1.completed.ms014	1854985024773950961	78	147	402	784	1589	300	عن عائشة أنها قالت ثلاثة أحرف في كتاب الله هن خطأ من الكاتب ق------------------------------------------------------وله إن هذان لساحران طه وفي سورة المائدة إن الذين آمنوا والذين هادوا والصابئون المائدة وفي سورة النساء لكن الراسخون في العلم منهم والمؤمنون يؤمنون بما أنزل إليك وما أنزل من قبلك والمقيمين الصلاة والمؤتون الزكاة النساء حدثناه إسحاق بن راهويه قالوا ورويتم عن عثمان أنه نظر في المصحف فقال أرى فيه لحنا وستقيمه العرب بألسنتها	14	-2298784228722095805	Shamela0023594-ara1.ms0434	-4920630531563938704	140	176	768	970	1662	300	عن عائشة أنها قالت ثلاثة أحرف في المصحف غلط------ من الكاتب قوله تعالى والمقيمين الصلاة وقوله والصابئون والنصارى وقوله إن هذان لساحران---------------------------------------------------------------------------------------------------------------------------------------------------------------------------------------------------------------------------------- وروي-- عن عثمان أنه نظر في المصحف فقال أرى فيه لحنا وستقيمه العرب بألسنتها	434	-6146459113630397427	138	244.0
Shamela0023596-ara1.completed.ms015	4075784590761644330	98	127	495	649	1531	300	جعل الله الكعبة البيت الحرام قياما للناس والشهر الحرام والهدي والقلائد من قوله ذلك لتعلموا أن الله يعلم ما في السماوات وما في الأرض وأن الله بكل شيء عليم	15	-2298784228722095805	Shamela0023594-ara1.ms0512	-8514180780925323114	92	119	466	612	1585	300	جعل الله الكعبة البيت الحرام قياما للناس والشهر الحرام والهدي والقلائد-------- ذلك لتعلموا أن الله يعلم ما في السماوات وما في الأرض وأن الله بكل شيء عليم	512	-6146459113630397427	146	283.5
Shamela0023596-ara1.completed.ms016	8010115326832319224	32	64	168	327	1551	300	فإن كنت في شك مما أنزلنا إليك فسئل الذين يقرؤن الكتاب من قبلك لقد جاءك الحق من ربك فلا تكونن من الممترين ولا تكونن من الذين كذبوا بآيات الله فتكون من الخاسرين	16	-2298784228722095805	Shamela0023594-ara1.ms0863	-6965857523814900842	42	74	215	374	1500	300	فإن كنت في شك مما أنزلنا إليك فسئل الذين يقرؤن الكتاب من قبلك لقد جاءك الحق من ربك فلا تكونن من الممترين ولا تكونن من الذين كذبوا بآيات الله فتكون من الخاسرين	863	-6146459113630397427	159	318.0
Shamela0023596-ara1.completed.ms032	-5607647973301681266	249	278	1323	1477	1615	300	جعل الله الكعبة البيت الحرام قياما للناس والشهر الحرام والهدي والقلائد من قوله ذلك لتعلموا أن الله يعلم ما في السماوات وما في الأرض وأن الله بكل شيء عليم	32	-2298784228722095805	Shamela0023594-ara1.ms0512	-8514180780925323114	92	119	466	612	1585	300	جعل الله الكعبة البيت الحرام قياما للناس والشهر الحرام والهدي والقلائد-------- ذلك لتعلموا أن الله يعلم ما في السماوات وما في الأرض وأن الله بكل شيء عليم	512	-6146459113630397427	146	283.5
Shamela0023596-ara1.completed.ms048	6873286419949924560	87	108	449	559	1598	300	عز وجل أم أنزلنا عليهم سل---------------------طانا فهو يتكلم---------- بما كانوا به يش-----------------------------------------------------------------------------------------------------------------------------ركون ال----روم- أي أنزلنا عليهم برهانا يستدلون به فهو يدلهم	48	-2298784228722095805	Shamela0023594-ara1.ms1515	5664294586813767497	125	176	666	937	1569	300	عز وجل أم أنزلنا عليهم سلطانا يعني كتابا من السماء فهو يتكلم يعني ينطق بما كانوا به يشركون يعني بما كانوا يقولون من الشرك اللفظ لفظ الاستفهام والمراد به النفي يعني لم ينزل عليهم حجة بذلك وقال القتبي فهو يتكلم فهو من المجاز ومعناه أنزلنا عليهم برهانا يستدلون به فهو يدلهم	1515	-6146459113630397427	99	166.0
Shamela0023596-ara1.completed.ms063	3522737963144071686	50	217	293	1165	1591	300	-----هاهنا القوة وإنما أقا----------م اليمين مقام القوة لأن قوة كل شيء في ميامنه ولأهل اللغة في هذا مذ-هب آخر قد جرى الناس على اعتياده أن كان الله عز وجل أراده في هذا الموضع وهو قولهم إذا أرادوا عقوبة --------رجل خذ بيده وافعل به كذا وكذا وأكثر ما يقول السلطان والحاكم بعد وجوب الحكم خذ بيده واسفع بيده ونحوه قول الله لنسفعا بالناصية ناصية كاذبة خاطئة العلق أي لنأخذن بها ثم لنقيمنه ولنذلنه إما في الدنيا وإما في الآخرة كما قال----- تعالى فيؤخذ بالنواصي والأقدام الرحمن أي يجرون إلى النار بنواصيهم وأرجلهم ثم قال ناصية كاذبة خاطئة العلق وإنما يعني صاحبها والناس يقولون هو مشؤوم الناصية لا يريدونها دون غيرها من البدن ويقولون قد مر على رأسي كذا أي مر علي فكأنه تعالى قال لو كذب علينا في شيء مما يلقيه إليكم عنا لأمرنا بالأخذ بيده ثم عاقبناه بقطع الوتين وإلى هذا المعنى ذهب الحسن فقال في قو--------------------------------------------------------------------------------------------------------------------له تعالى لأخذ----------------------------------------------------------------------------نا منه باليمين الحاقة أي بالميامن ثم عاقبناه بقطع الوتين وهو عرق يتعلق به القلب إذا انقطع مات صاحبه	63	-2298784228722095805	Shamela0023594-ara1.ms2057	-1138454388948897349	26	131	144	681	1611	300	يعني بال-----قوة وقال القتبي إنما قام اليمين مقام القوة لأن قوة كل شيء في يمين-ه ولأهل اللغة في هذا مذاهب أخر ----------------------------------------------------------------وهو قولهم إذا أرادوا عقوبة أحد فيقولون خذ بيده وافعل به كذا وكذ-----------------------------------------------------------------------------------------------------------------------------------------------------------------------------------------ا قال الله تعالى--------------------------------------------------------------------------------------------------------------------------------------------------------------------------------------------------------------------------------------- لو كذب علي---------------------------نا لأمرنا بالأخذ بيده ثم عاقبناه ويقال لو تقول علينا بعض الأقاويل معناه لو زاد حرفا واحدا على ما أوحيته إليه أو نقص لعاقبته وكان هو أكرم الناس علي وفي الآية تنبيه لغيره لكيلا يغيروا شيئا من كتاب الله تعالى ولا يتقولوا فيه شيئا من ذات أنفسهم ويقال باليمين يعني بالحق ويقال بالحجة ثم لقطعنا منه الوت-------------------------------------------ين وهو عرق يتعلق به القلب إذا انقطع مات صاحبه	2057	-6146459113630397427	246	349.0
Shamela0023596-ara1.completed.ms066	8828462373600650284	11	143	51	733	1571	300	قوله سبحانه لو أردنا أن نتخذ لهوا----------------------- لاتخذناه من لدنا إن كنا فاعلين الأنبياء قال قتادة والحسن اللهو المرأة وقال ابن عباس ه---و الولد و------------------------------------------التفسيران متقاربان لأن ا-مرأة الرجل لهوه وولده لهوه ولذلك يقال امرأة الرجل وولده ريحانتاه وأصل اللهو الجماع فكني عنه باللهو --------كما كني عنه بالسر ثم قيل للمرأة لهو لأنها تجامع قال امرؤ القيس ألا زعمت بسباسة اليوم أنني كبرت وأ لا يحسن اللهو أمثالي أي النكاح ويروى أيضا وأ لا يحسن السر أمثالي أي النكاح وتأويل الآية أن النصارى لما قالت في المسيح وأمه ما قالت قال الله جل وعز لو أردنا أن نتخذ لهوا أي صاحبة وولدا كما يقولون لاتخذنا ذلك من لدنا أي من عندنا ولم نتخذه من عندكم لو كنا فاعلين ذلك لأنكم تعلمون أن ولد الرجل وزوج-ه يكونان عنده وبحضرته لا عند غيره --وقال	66	-2298784228722095805	Shamela0023594-ara1.ms1231	4285568389925222459	15	109	83	561	1525	300	قوله عز وجل لو أردنا أن نتخذ لهوا يعني زوجة بلغة حضر موت لاتخذناه من لدنا يعني من عندنا ق----------------------------------------ال ابن عباس اللهو الولد وقال الحسن وقتادة اللهو المرأة وقال القتبي التفسيران متقاربان لأن المرأة للرجل لهو- وولده لهو كما--- يقال هما-------------- ريحانتاه وأصل اللهو الجماع فكني -به بالمرأة والولد كما كني عنه باللمس---------------------------------------------------------------------------------------------------------------------------------------------------------- وتأويل الآية أن النصارى لما قالت في المسيح----- ما قالت قال الله -تعالى لو أردنا أن نتخذ لهوا أي ص-----------------احبة لاتخذنا---ه من لدنا أي من عندنا لا من------- عندكم ل------------------------------أن ولد الرجل وزوجته يكونان عند--------ه لا عند غيره ثم قال	1231	-6146459113630397427	347	470.5
Shamela0023596-ara1.completed.ms068	-6509501654928585493	176	242	937	1269	1574	300	يجزع--- جازع ولم يوجد لهم- فقد وقال آخرون أراد فما بكى عليهم أه-------------------ل السماء ولا أهل الأرض فأقام السماء والأرض مقام أهلهما كما قال تعالى وسئل القرية يوسف أراد أهل القرية وقال حتى تضع الحرب أوزارها محمد أي يضع أهل الحرب السلاح وقال ابن عباس لكل مؤمن باب في السماء يصعد فيه عمله وينزل منه رزقه فإذا مات بكى عليه الب---------اب وبكت عليه آثاره في الأرض	68	-2298784228722095805	Shamela0023594-ara1.ms1811	1548133108163815902	182	245	1004	1326	1596	300	يجزع له جازع ولم يقم لفقده فقد وقال بعضهم----- فما بكت عليهم السماء والأرض يعني أهل السماء وأه---ل الأرض فأقام السماء والأرض مقام أهله-ا كما قال------ وسئل القرية يوسف وقال بعضهم يعني بكت السماء بعينها وبكت الأرض و---------------------------قال ابن عباس لكل مؤمن باب في السماء يصعد فيه عمله وينزل منه رزقه فإذا مات بكى عليه بابه في السماء وبكت عليه آثاره في الأرض	1811	-6146459113630397427	227	361.0
Shamela0023596-ara1.completed.ms082	5489227665722942780	198	223	1025	1141	1512	300	أفمن زين له سوء عمله فرآه حسنا فإن الله يضل من يشاء ويهدي من يشاء فلا تذهب نفسك عليهم حسرات إن الله عليم بما يصنعون	82	-2298784228722095805	Shamela0023594-ara1.ms1616	3535885603708382033	212	237	1060	1176	1506	300	أفمن زين له سوء عمله فرآه حسنا فإن الله يضل من يشاء ويهدي من يشاء فلا تذهب نفسك عليهم حسرات إن الله عليم بما يصنعون	1616	-6146459113630397427	116	232.0
Shamela0023596-ara1.completed.ms084	2154871148823112062	151	195	764	977	1519	300	ما أريد منهم من رزق الذاريات أي ما أريد أن يرزقوا أنفسهم وما أريد أن يطعمون الذاريات أي ما أريد أن يطعموا أحدا من خلقي وأصل هذا أن البشر عباد الله وعياله فمن أطعم عيال رجل ورزقهم فقد رزقه وأطعمه إذ كان رزقهم عليه	84	-2298784228722095805	Shamela0023594-ara1.ms1900	6629139249948101656	80	121	424	622	1557	300	ما أريد منهم من رزق يعني ما خلقتهم ل----أن يرزقوا أنفسهم وما أريد أن يطعمون يعني لا أكلفهم أن ي-----طعموا أحدا من خلقي وأصل هذا أن الخلق عباد الله وعياله فمن أطعم عيال رجل ورزقهم فقد رزقه إذا------ كان رزقهم عليه	1900	-6146459113630397427	162	289.5
Shamela0023596-ara1.completed.ms098	-2518476026955909542	227	266	1126	1312	1479	300	نبإ الخصم------------------ إذ دخلوا على داود ففزع منهم قالوا لا تخف خصمان بغى بعضنا على بعض فاحكم بيننا بالحق ولا تشطط ص ثم قال-------------- إن هذا أخي له تسع وتسعون نعجة ولي نعجة واحدة فقال أكفلنيها وعزني في الخطاب	98	-2298784228722095805	Shamela0023594-ara1.ms1688	2356487942253669923	145	188	757	975	1534	300	نبأ الخصم إذ تسوروا المحراب إذ دخلوا على داود ففزع منهم قالوا لا تخف خصمان بغى بعضنا على بعض فاحكم بيننا بالحق ولا تشطط واهدنا إلى سواء الصراط إن هذآ أخي له تسع وتسعون نعجة ولي نعجة واحدة فقال أكفلنيها وعزني في الخطاب	1688	-6146459113630397427	176	333.5
Shamela0023596-ara1.completed.ms100	-71447335719409851	5	110	26	591	1566	300	تأويلان أحدهما أن تكون المخاطبة لرسول الله صلى الله عليه وسلم والمراد غ----يره من الشكاك لأن القرآن نزل عليه بمذاهب العرب كلهم وهم قد يخاطبون الرجل بالشيء ويريدون--- غيره ولذلك يقول متمثلهم إياك أعني واسمعي يا جار-ة ومثله قوله يا أيها النبي اتق الله ولا تطع الكافرين والمنافقين إن الله كان عليما حكيما الأحزاب الخطاب للنبي صلى الله عليه وسلم والمراد بالوصية والعظة المؤمنون يدلك على ذلك أنه قال واتبع ما يوحى إليك من ربك إن الله كان بما تعملون خبيرا الأحزاب ولم يقل بما تعمل خبيرا ومثل هذه الآية قوله وسئل من أرسلنا من قبلك من رسلنا أجعلنا من دون الرحمن آلهة يعبدون الزخرف	100	-2298784228722095805	Shamela0023594-ara1.ms0863	-6965857523814900842	188	265	918	1334	1500	300	تأويلان أحدهما أن تكون المخاطبة ل-----لنبي صلى الله عليه وسلم والمراد فيه غيره من الشكاك لأن القرآن نزل عليه بمذاهب العرب----- وهم--- يخاطبون الرجل ب--شيء ويريدون به غيره كما قالوا--------- إياك أعني واسمعي يا جارية وكق----وله يا أيها النبي اتق الله ولا تطع الكافرين والمنا------------------------فقين الأحزاب أ-----------------------------------راد به الأمة--------------- يدلك عليه قوله تعالى في آخره إن الله ------------------كان بما تعملون خبيرا النساء وكق-------------------------------------وله وسئل من أرسلنا من قبلك من رسلنا أجعلنا من دون الرحمن آلهة يعبدون الزخرف	863	-6146459113630397427	343	559.5
Shamela0023596-ara1.completed.ms106	4261301303643328953	70	147	380	780	1570	300	الفراء ونرى أصل ذلك أ---ن الرفقة أدنى ما تكون ثلاثة نفر فجرى كلام الواحد على صاحبيه ألا ترى أن الشعراء أكثر شيء قيلا يا صاحبي ويا خليلي وقال غير الفراء قال النبي صلى الله عليه وسلم الواحد شيطان والاثنان شيطانان والثلاثة ركب وتوعد معاوية روح بن زنباع فاعتذر روح فقال معاوية خليا عنه إذا الله سنى عقد شيء تيسرا وقوله سنى أي فتح قالوا وأدنى ما يكون الآمر والناهي بين الأعوان اثنان فجرى كلامهم على ذلك ووكل	106	-2298784228722095805	Shamela0023594-ara1.ms1886	3291138113209016291	249	296	1257	1495	1514	300	الفراء ي-رى أصل هذا أن أن الرفقة أدنى ما تكون ثلاثة نفر فجرى كلام الواحد على صاحبيه ألا ترى أن الشعراء أكثر شيء قيلا يا صاحبي ويا خليلي---------------- قال الشاعر فقلت لصاحبي لا تحبساني-------------------------------------------------------------------------------------------------------------------------------------------------- وأدنى ما يكون الأمر والن-هي في- الإعراب اثنان فجرى كلامهم على ذلك ومثل	1886	-6146459113630397427	199	326.5
Shamela0023596-ara1.completed.ms112	8044830728680511847	48	148	215	749	1542	300	إلا فريقا من المؤمنين وما كان له عليهم من سلطا--------------------------ن إلا لنعلم من يؤمن بالآخرة ممن هو منها في شك سبأ تأويله أن إبليس لما سأل الله تبارك وتعالى النظرة فأنظره قال لأغوينهم ولأضلنهم ولأمنينهم ولآمرنهم فليبتكن آذان الأنعام ولآمرنهم فليغيرن خلق الله ولأتخذن منهم نصيبا مفروضا وليس هو في وقت هذه المقالة مستيقنا أن ما قدره الله فيهم يتم وإنما قاله ظانا فلما اتبعوه وأطاعوه صدق ما ظنه عليهم أي فيهم ثم قال الله وما كان تسليطنا إياه إلا لنعلم من يؤمن أي المؤمنين من الشاكين وعلم الله تعالى نوعان أحدهما علم ما يكون من إيمان المؤمنين وكفر الكافرين	112	-2298784228722095805	Shamela0023594-ara1.ms1603	1971458288460757101	255	300	1260	1487	1487	300	على فريق- من المؤمني--------------------------ن إلا بالتزيين والوسوسة منه إلا لنعلم من يؤمن بالآخرة ممن هو منها في شك يعني نميز من يصدق بالبعث ممن------------------------------------------------------------------------------------------------------------------------------------------------------ هو في شك يعني من قيام الساعة و-----------------------------------------------------------------------------------------قال القتبي -------------------------------------------------------------علم الله------ نوعان أحدهما علم ما يكون من إيمان المؤمنين وكفر الكافرين	1603	-6146459113630397427	146	180.5
Shamela0023596-ara1.completed.ms112	8044830728680511847	223	247	1160	1273	1542	300	قل إنما أعظكم بواحدة أن تقوموا لله مثنى وفرادى ثم تتفكروا ما بصاحبكم من جنة إن هو إلا نذير لكم بين يدي عذاب شديد	112	-2298784228722095805	Shamela0023594-ara1.ms1611	7277822700975876400	1	25	6	119	1513	300	قل إنما أعظكم بواحدة أن تقوموا لله مثنى وفرادى ثم تتفكروا ما بصاحبكم من جنة إن هو إلا نذير لكم بين يدي عذاب شديد	1611	-6146459113630397427	113	226.0
Shamela0023596-ara1.completed.ms113	-3424648920343644923	182	280	920	1408	1510	300	ثم قبضناه إلينا قبضا يسيرا يعني الظل الممدود بعد غروب الشمس وذلك أن الشمس إذا غربت عاد الظل الممدود وذلك وقت قبضه وقوله قبضا يسيرا أي خفيا لأن ال----ظل بعد غروب الشمس لا يذهب كله دفعة واحدة ولا يقبل الظلام كله جملة وإنما يقبض الله جل وعز ذلك الظل قبضا خفيا شيئا بعد شيء ويعقب كل جزء منه يقبضه بجزء من سواد الليل حتى يذهب كله فدل الله عز وجل بهذا الوصف على قدرته ولطفه في معاقبته بين الشمس والظل والليل لمصالح عباده وبلاده وبعضهم يجعل قبض الظل---------------------- عند -نسخ الشمس إي-----------اه ويجعل قوله قبضا يسيرا -------أي سهلا	113	-2298784228722095805	Shamela0023594-ara1.ms1378	-2379909969622668517	175	251	867	1251	1515	300	ثم قبضناه إلينا قبضا يسيرا أ--ي الظل-------- بعد غروب الشمس وذلك أن الشمس إذا غابت عاد الظل و--------ذلك وقت قبضه------------------------- لأن ظل الشمس بعد غروب الشمس لا يذهب -------------------------------كله جملة وإنما يقبض الله------- ذلك الظل قبضا خفيا شيئا بعد شيء------------------------------------------------------- فدل الله تعالى- بهذا الوصف على قدرته ولطفه في معاقبته بين ال-------ظل والشمس لمصالح عباده وبلاده ويقال ثم قبضناه أي قبضناه سهلا ويقال يسيرا عند طلوع الشمس ويقال ثم قبضناه -----إلينا قبضا يسيرا يعني هينا سهلا	1378	-6146459113630397427	296	431.0
Shamela0023596-ara1.completed.ms114	4233622954930208186	28	66	150	343	1673	300	تجري لمستقر لها أي --إلى مستقر لها كما تقول هو يجري لغايته وإلى غايته ومستقرها أقصى منازلها في الغروب وذلك لأنها لا تزال تتقدم في كل ليلة حتى تنتهي إلى أبعد مغاربها ثم ترجع فذلك مستقرها لأنها لا	114	-2298784228722095805	Shamela0023594-ara1.ms1644	8907241075611196852	121	152	636	796	1545	300	تجري لمستقر لها يعني إلى مستقر لها----------------------------------- ومستقرها أقصى منازلها في الغروب وذلك لأنها لا تزال تتقدم في كل ليلة حتى تنتهي إلى أبعد مغاربها ثم ترجع فذلك مستقرها لأنها لا	1644	-6146459113630397427	155	285.5
Shamela0023596-ara1.completed.ms114	4233622954930208186	272	299	1535	1668	1673	300	انطلقوا إلى ما كنتم به تكذبون-------------------- انطلقوا إلى ظل ذي---------------------------------- ثلاث شعب-------------------------------------------------------------------------------------------------------------------------- لا ظليل------------------------------------------------------------------------------------- ولا يغني من اللهب------------------------------------------------------------------------------------------------------------ إنها ترمي بشرر كالقصر كأنه جمالت صفر المرسلات هذا ----------	114	-2298784228722095805	Shamela0023594-ara1.ms2101	-903838516308600519	24	131	119	631	1558	300	انطلقوا إلى ما كنتم به تكذبون من عذاب الله وعقابه انطلقوا إلى ظل أي دخان من نار جهنم قد يسطع ثم افترق ثلاث فرق فيكونون فيه إلى أن يفرغ من الحساب كما يكون أوليائه في ظله ثم يؤمر لكل فريق إلى مستقره الجنة أو إلى النار ثم وصف الظل فقال لا ظليل يعني لا يظلكم من حر هذا اليوم بل يزيدكم من لهب النار إلى ما هو أشد عليكم من حر الشمس ولا يغني من اللهب وهذا مثل قوله وظل من يحموم الواقعة وهو الدخان وهو سرادق أهل النار كما ذكر المفسرون سورة المرسلات الآيات الى إنها ترمي بشرر كالقصر كأنه جمالت صفر ويل يومئذ للمكذبين هذا	2101	-6146459113630397427	116	162.0
Shamela0023596-ara1.completed.ms115	4075910332427961691	9	178	47	878	1524	300	رؤوس الخلائق--- وليس عليهم يومئذ لباس ولا لهم -كنان فتلفحهم الشمس وتسفعهم وتأخذ بأنفاسهم ومد ذلك اليوم عليهم وكربه ثم ينجي الله------ برحمته من يشاء إلى ظل من ظله فهناك يقولون فمن الله علينا ووقانا عذاب السموم الطور ويقال للمكذبين انطلقوا إلى ما كنتم به تكذبون المرسلات من عذاب الله سبحانه وعقابه انطلقوا من ذلك إلى ظل من دخا---ن نار جهنم قد -سطع ثم افترق ثلاث فرق وكذلك شأن الدخان العظيم إذا ارتفع أن يتشعب فيكونون فيه إلى أن يفرغ من الحساب كما يكون أولياء الله في ظل عرشه أو حيث شاء من الظل إلى أن يفرغ من الحساب ثم يؤمر بكل فريق إلى مستقره من الجنة أو ال----نار ثم وصف الظل فقال لا ظليل أ--ي لا يظلكم من حر هذا اليوم بل يدنيكم من لهب النار إلى ما هو أشد عليكم من حر الشمس ولا يغني عنكم من اللهب وهذا مثل قوله سبحانه وظل من يحموم لا بارد ولا كريم الواقعة واليحموم الدخان وهو سرادق أهل النار فيما ذكر المفسرون ثم وصف النار فقال------- إنها ترمي بشرر كالقصر	115	-2298784228722095805	Shamela0023594-ara1.ms2101	-903838516308600519	1	124	6	593	1558	300	رؤوس الخلق أجمع وليس عليهم يومئذ لباس ولا لهم أكنان------------------------------------------------------------------ ينجي الله تعالى برحمته من يشاء إلى ظل من ظله ثم ق----------------------------------------------------ال للمكذبين انطلقوا إلى ما كنتم به تكذبون--------- من عذاب الل-------ه وعقابه انطلقوا------- إلى ظل أي دخان من نار جهنم قد يسطع ثم افترق ثلاث فرق------------------------------------------- فيكونون فيه إلى أن يفرغ من الحساب كما يكون أوليائ----ه في ظله ---------------------------------------------ثم يؤمر لكل فريق إلى مستقره--- الجنة أو إلى النار ثم وصف الظل فقال لا ظليل يعني لا يظلكم من حر هذا اليوم بل يزيدكم من لهب النار إلى ما هو أشد عليكم من حر الشمس ولا يغني من -----اللهب وهذا مثل قول-------ه وظل من يحمو-----------------م الواقعة وهو الد-----خان وهو سرادق أهل النار ك-ما ذكر المفسرون سورة المرسلات الآيات الى إنها ترمي بشرر كالقصر	2101	-6146459113630397427	516	845.0
Shamela0023596-ara1.completed.ms116	-5230525874612557071	207	237	1108	1263	1605	300	سورة البقر----ة أيود أحدكم أن تكون له جنة من نخيل وأعناب تجري من تحتها الأنهار له فيها من كل الثمرات وأصابه الكبر وله ذرية ضعفاء فأصابها إعصار فيه نار فاحترقت	116	-2298784228722095805	Shamela0023594-ara1.ms0208	8760822412232499465	236	267	1308	1467	1633	300	سورة البقرة آية أيود أحدكم أن تكون له جنة من نخيل وأعناب تجري من تحتها الأنهار له فيها من كل الثمرات وأصابه الكبر وله ذرية ضعفاء فأصابها إعصار فيه نار فاحترقت	208	-6146459113630397427	155	303.5
Shamela0023596-ara1.completed.ms117	-5058097013802968376	148	190	775	999	1601	300	أنزل من السماء ماء فسالت أودية بقدرها فاحتمل السيل زبدا رابيا ومما يوقدون عليه في النار ابتغاء حلية أو متاع زبد مثله كذلك يضرب الله الحق والباطل فأما الزبد فيذهب جفاء وأما ما ينفع الناس فيمكث في الأرض كذلك يضرب الله الأمثال	117	-2298784228722095805	Shamela0023594-ara1.ms0977	-755097261093663220	198	240	1036	1260	1568	300	أنزل من السماء ماء فسالت أودية بقدرها فاحتمل السيل زبدا رابيا ومما يوقدون عليه في النار ابتغاء حلية أو متاع زبد مثله كذلك يضرب الله الحق والباطل فأما الزبد فيذهب جفاء وأما ما ينفع الناس فيمكث في الأرض كذلك يضرب الله الأمثال	977	-6146459113630397427	224	448.0
Shamela0023596-ara1.completed.ms117	-5058097013802968376	191	300	1005	1601	1601	300	هذا مثل ضربه الله لل------حق والباطل يقول البا-----طل وإن ظهر على الحق في بعض الأحوال وعلاه فإن الله سيمحقه ويبطله ويجعل العاقبة للحق وأهله ومثل ذلك مطر جود أسال الأودية بقدرها الكبير على قدره والصغير على قدره فاحتمل السيل زبدا رابيا أي عاليا على الماء كما يعلو الباطل تارة على الحق ومن جواهر الأرض التي تدخل الكير ويوقد- عليها يعني الذهب والفضة للحلية و------------الشبه والحديد للآلة حي----------------ث يعلوها مثل زبد الماء فأما الزبد فيذهب جفاء أي يلقيه الماء عنه فيتعلق بأصول الشجر وبجنبات الوادي وكذلك خبث الفلز------------ يقذفه الكير فهذا مثل الباطل وأما ما الماء الذي ينفع الناس وينبت المرعى فيمكث في الأرض وكذلك الصفو من الفلز يبقى خالصا	117	-2298784228722095805	Shamela0023594-ara1.ms0979	2258100881582229639	117	222	640	1209	1627	300	هذا مثل ضربه الله تعالى للحق والباطل يقول الحق الباطل وإن ظهر على الحق في بعض الأحوال وعلا- فإن الله سيمحقه ويبطله ويجعل العاقبة للحق وأهله -مثل---- مطر سال في-- الأودية بقدرها--------------------------------- فاحتمل السيل زبدا رابيا أي عاليا على الماء كما يعلو الباطل تارة على الحق ومن جواهر الأرض التي تدخل الكور توقدون عليها يعني الذهب والفضة للحلية أو متاع يعني الشبه والحديد والآنك يكون للآنية له خبث يعلوها مثل زبد الماء فأما الزبد فيذهب جفاء --------------------يتعلق بأصول الشجر وك-نبات الوادي وكذلك خبث الفلز يعني الجوهر يقذفه------ فهذا مثل الباطل وأما ما----------- ينفع الناس وينبت المرعى فيمكث في الأرض فكذلك الصفر من الفلز يبقى صالحا	979	-6146459113630397427	489	859.0
Shamela0023596-ara1.completed.ms119	5138480565358997163	203	233	985	1130	1454	300	لهم التناوش من مكان بعيد وقد كفروا به من قبل ويقذفون بالغيب من مكان بعيد وحيل بينهم وبين ما يشتهون كما فعل بأشياعهم من قبل إنهم كانوا في شك مريب	119	-2298784228722095805	Shamela0023594-ara1.ms1613	-1440211825657233732	0	30	1	146	1474	300	لهم التناوش من مكان بعيد وقد كفروا به من قبل ويقذفون بالغيب من مكان بعيد وحيل بينهم وبين ما يشتهون كما فعل بأشياعهم من قبل إنهم كانوا في شك مريب	1613	-6146459113630397427	145	290.0
Shamela0023596-ara1.completed.ms119	5138480565358997163	248	283	1205	1364	1454	300	ولو ترى يا محمد فزعهم حين ---------------------------لا فوت أي لا مهرب ولا ملجأ يفوتون به ويلجأون إليه وهذا نحو قوله فنادوا ولات حين مناص ص أي نادوا حين لا مهرب وأخذوا من مكان قريب يعني	119	-2298784228722095805	Shamela0023594-ara1.ms1613	-1440211825657233732	231	254	1135	1241	1474	300	ولو ترى يا محمد فزعهم حين صاح بهم جبريل عليه السلام فلا فوت أي لا-------------- يفوت منهم فائت------------------------------------------------------------------ وأخذوا من مكان قريب يعني	1613	-6146459113630397427	70	91.5
Shamela0023596-ara1.completed.ms119	5138480565358997163	208	278	1010	1339	1454	300	وقد كفروا به من قبل ويقذفون بالغيب من مكان بعيد وحيل بينهم وبين ما يشتهون كما فعل بأشياعهم من قب--------------------------------------------------------------------------------------ل إنهم كانوا في شك مريب سبأ كان الحسن رضي الله عنه يجعل الفزع يوم القيامة إذا بعثوا من القبور يقول ولو ترى يا محمد فزعهم حين لا فوت أ--ي لا مهرب ولا ملجأ يفوتون به ويلجأون إليه وهذا نحو قوله فنادوا ولات حين مناص ص أي نادوا حين لا مهرب	119	-2298784228722095805	Shamela0023594-ara1.ms1614	871694740477661163	178	246	858	1174	1446	300	وقد كفروا به من قبل------------------------------------------------------ كما فعل بأشياعهم من قبل يعني الأقدمون أهل دينهم الأولون من قبل الأشياع جمع الجمع يقال شيعة وشيع وأشياع ثم قال إنهم كانوا في شك مريب يعني هم في شك مما نزل بهم مريب يعني إنهم لا يعرفون شكهم وقال القتبي في قوله ف------------------------لا فوت يعني لا مهرب ولا ملجأ----------------------- وهذا مثل قوله فنادوا ولات حين مناص ص أي نادوا حين لا مهرب	1614	-6146459113630397427	156	200.0
Shamela0023596-ara1.completed.ms120	-1756011951502774048	136	195	684	983	1534	300	سورة النور لي----س على الأعمى حرج ولا على الأعرج حرج ولا على المريض حرج ولا على أنفسكم أن تأكلوا من بيوتكم أو بيوت آبائكم أو بيوت أمهاتكم أو بيوت إخوانكم أو بيوت أخواتكم أو بيوت أعمامكم أو بيوت عماتكم أو بيوت أخوالكم أو بيوت خالاتكم أو ما ملكتم مفاتحه أو صديقكم ليس عليكم جناح أن تأكلوا جميعا أو أشتاتا	120	-2298784228722095805	Shamela0023594-ara1.ms1357	-7993630919170056077	151	211	818	1121	1559	300	سورة النور آية ليس على الأعمى حرج ولا على الأعرج حرج ولا على المريض حرج ولا على أنفسكم أن تأكلوا من بيوتكم أو بيوت آبائكم أو بيوت أمهاتكم أو بيوت إخوانكم أو بيوت أخواتكم أو بيوت أعمامكم أو بيوت عماتكم أو بيوت أخوالكم أو بيوت خالاتكم أو ما ملكتم مفاتحه أو صديقكم ليس عليكم جناح أن تأكلوا جميعا أو أشتاتا	1357	-6146459113630397427	298	591.5
Shamela0023596-ara1.completed.ms121	5360144233397064542	162	228	834	1180	1555	300	أو بيوت آبائكم أو بيوت أمهاتكم أو بيوت إخوانكم يريد إخوتكم أو بيوت أخواتكم أو بيوت أعمامكم أو بيوت عماتكم أو بيوت أخوالكم أو بيوت خالاتكم أو ما ملكتم مفاتحه يعني العبيد لأن السيد يملك منزل عبده هذا على تأويل ابن عباس وقال غيره أو ما خزنتموه لغيركم يريد الزمنى الذين كانوا يخزنون للغزاة أو صديقكم ليس عليكم جناح أن تأكلوا جميعا من منازل هؤلاء إذا	121	-2298784228722095805	Shamela0023594-ara1.ms1357	-7993630919170056077	173	212	925	1126	1559	300	أو بيوت آبائكم أو بيوت أمهاتكم أو بيوت إخو------------انكم أو بيوت أخواتكم أو بيوت أعمامكم أو بيوت عماتكم أو بيوت أخوالكم أو بيوت خالاتكم أو ما ملكتم مفاتح----------------------------------------------------------------------ه----------------------------------------------------------- أو صديقكم ليس عليكم جناح أن تأكلوا جميعا أو أشتاتا فإذا ----	1357	-6146459113630397427	186	350.5
Shamela0023596-ara1.completed.ms122	-8425659149034789423	7	70	42	346	1545	300	فلما جن عليه الليل رأى كوكبا قال هذا ربي فلما أفل قال لا أحب الآفلين فلما رأى القمر بازغا قال هذا ربي فلما أفل قال لئن لم يهدني ربي لأكونن من القوم الضالين فلما رأى الشمس بازغة قال هذا ربي هذا أكبر فلما أفلت قال يا قوم إني بريء مما تشركون إني وجهت وجهي للذي فطر السماوات والأرض حنيفا وما أنا من المشركين	122	-2298784228722095805	Shamela0023594-ara1.ms0561	2369406411096079793	1	64	5	309	1420	300	فلما جن عليه الليل رأى كوكبا قال هذا ربي فلما أفل قال لا أحب الآفلين فلما رأى القمر بازغا قال هذا ربي فلما أفل قال لئن لم يهدني ربي لأكونن من القوم الضالين فلما رأى الشمس بازغة قال هذا ربي هذا أكبر فلما أفلت قال يا قوم إني بريء مما تشركون إني وجهت وجهي للذي فطر السماوات والأرض حنيفا وما أنا من المشركين	561	-6146459113630397427	304	608.0
Shamela0023596-ara1.completed.ms124	-7102429244417880421	51	115	255	600	1604	300	ثمانية أزواج من الضأن اثنين ومن المعز اثنين قل آلذكرين حرم أم الأنثيين أما اشتملت عليه أرحام الأنثيين نبئوني بعلم إن كنتم صادقين ومن الإبل اثنين ومن البقر اثنين قل آلذكرين حرم أم الأنثيين أما اشتملت عليه أرحام الأنثيين أم كنتم شهداء إذ وصاكم الله بهذا فمن أظلم ممن افترى على الله كذبا ليضل الناس بغير علم الأنعام أراد------------------ وهو الذي أنشأ جنات معروشات	124	-2298784228722095805	Shamela0023594-ara1.ms0592	2784790013732205822	87	155	483	846	1613	300	ثمانية أزواج من الضأن اثنين ومن المعز اثنين قل آلذكرين حرم أم الأنثيين أما اشتملت عليه أرحام الأنثيين نبئوني بعلم إن كنتم صادقين ومن الإبل اثنين ومن البقر اثنين قل آلذكرين حرم أم الأنثيين أما اشتملت عليه أرحام الأنثيين أم كنتم شهداء إذ وصاكم الله بهذا فمن أظلم ممن افترى على الله كذبا ليضل الناس بغير علم إن الله لا يهدي القوم الظالمين وهو الذي أنشأ جنات معروشات	592	-6146459113630397427	334	649.0
Shamela0023596-ara1.completed.ms124	-7102429244417880421	59	97	299	507	1604	300	-قل آلذكرين حرم أم------- الأنثيين أما اشتملت عليه أرحام الأنثيين----------------------------------------------------------------- نبئوني بعل--------------------------م إن كنتم صادقين وم----------------------ن الإبل اثنين ومن البقر اثنين قل آلذكرين حرم أم الأنثيين أما اشتملت عليه أرحام الأنثيين أم كنتم شه-----------------------------------------------------------------------------------------------------------------------------------------داء إذ وصاكم الله بهذا	124	-2298784228722095805	Shamela0023594-ara1.ms0594	5186042970646737239	196	287	1046	1512	1578	300	قبل الذكرين حرم أم من قبل الأنثيين أما اشتملت عليه أرحام الأنثيين يعني أم من قبل اشتمال الرحم فإنها لا تشتمل إلا على الذكر والأنثى نبئوني بعلم يعني أخبروني بسبب التحريم إن كنتم صادقين أن الله حرم ما تقولون ومن الإبل اثنين ومن البقر اثنين قل آلذكرين حرم أم الأنثيين أما اشتملت عليه أرحام الأنثيين يعني من أين جاء هذا التحريم ثم قال أم كنتم شهداء يعني إذا لم تقدروا على إثبات تحريم ذلك بالعقل فهل لكم كتاب يشهد على تحريم هذا فذلك قوله أم كنتم شهداء إذ وصاكم الله بهذا	594	-6146459113630397427	195	320.0
Shamela0023596-ara1.completed.ms126	3032521967507761726	198	300	1131	1642	1642	300	أيحسب الإنسان أ--لن نجمع عظامه ----------بلى قادرين على أن نسوي بنانه بل يريد الإنسان ليفجر أمامه القيامة هذا رد من الله عليهم وذلك أنهم ظنوا أن الله لا ينشر الموتى ولا يقدر على جمع العظام البالية فقال بلى فاعلموا أنا نقدر على رد السلاميات على صغرها ونؤلف بينها حتى يستوي البنان ومن قدر على ----هذا فهو على جمع كبار العظام أقدر و----مثل هذا رجل قلت له أتراك تقدر على أن تؤلف هذا الحنظل في خيط فيقول لك نعم وبين الخردل وأما---------------------------------------------------------------------------------------- قوله سبحانه بل يريد الإنسان ليفجر أما--------------------------------------------------------------------------------------------------------------------------------------------------------------------------------------مه فقد كثرت فيه التفاسير فقال سعيد بن جبير يقول سوف أتوب سوف أتوب وقال	126	-2298784228722095805	Shamela0023594-ara1.ms2087	-1692347042527796466	68	191	351	967	1560	300	أيحسب الإنسان أن لن نجمع عظامه في الآخرة بلى قادرين على أن نسوي بنانه يعني أن نجمع ما صغر منه ونؤلف بينه أي نعي---------------------------------------------------------------------------------------------------------------------د السلاميات على صغرها----------------------------- ومن قدر على جمع هذا فهو على جمع كبار العظام أقدر وقال مجاهد------------------------ على أن نسوي خفه كخف البعير لا يعمل به شيئا وقال سعيد بن جبير يعني كنف البعير أو كحافر الدابة والحمر لأنه ليس من دابة إلا وهي تأكل بفمها غير الإنسان قوله -تعالى بل يريد الإنسان ليفجر أمامه يعني يقدم ذنوبه ويؤخر توبته ويقول سوف أتوب ولا يترك الذنوب وهذا قول ابن عباس رضي الله عنه وقال عكرمة ليفجر أمامه يعني يريد الذنوب في المستقبل وقال القتبي بل يريد الإنسان ليفجر أمامه فقد كثرت فيه التفاسير وقال سعيد بن جبير----- سوف أت---------وب وقال	2087	-6146459113630397427	236	314.5
Shamela0023596-ara1.completed.ms126	3032521967507761726	25	147	131	846	1642	300	أفلح من زكى نفسه أي أنماها وأعلاها بالطاعة والبر والصدقة واصطناع المعروف وأصل التزكية الزيادة ومنه يقال زكا الزرع يزكوا إذا كثر ريعه وزكت النفقة إذا بورك فيها ومنه زكاة الرجل عن ماله لأنها تثمر ماله وتنميه وتزكية القاضي للشاهد منه لأنه يرفعه بالتعديل والذكر الجميل وقد خاب من دساها أ--ي نقصها وأخفاها بترك عمل البر وبركوب ----المعاصي والفاجر أبدا خفي المكان زمر المروءة غامض الشخص ناكس الرأس ودساها من دسست فقلبت إحدى السينات ياء كما يقال لببت والأصل لبيت و قصيت أظفاري وأصله قصصت ومثله كثير فكأن النطف بارتكاب الفواحش دس نفسه وقمعها ومصطنع المعروف شهر نفسه ورفعها وكانت أجواد العرب تنزل الربا وأيفاع الأرض لتشتهر أماكنها للمعتفين وتوقد النيران في الليل------------------------ للطارقين وكانت -------------اللئام تنزل الأولاج والأطراف والأهضام لتخفى أماكنها	126	-2298784228722095805	Shamela0023594-ara1.ms2156	539631354158665913	160	220	849	1191	1654	300	أفلح من زكى نفسه أي أنماها وأعلاها بالطاعة والبر والصدقة---------------------------------------------------------------------------------------------------------------------------------------------------------------------------------------------------------------- وقد خاب من دساها يعني نقصها وأخفاها بترك عمل البر وبركوب عمل المعاصي وأصله دسس فجعل ----مكان------------------------------------------------------- إحدى السينين ياء كما يقال------------------- قصيت أظفاري وأصله قصصت قال وأصل هذا أن-------------------------------------------------------------------------- أجواد العرب كانوا ينزلو-------------------------------------------------ن في أرفع المواضع ويوقدون من النار للطارقين لتكون أنفسهم أشهر واللئام ينزلون -------الأطراف والأهضام لتخفي أماكنهم	2156	-6146459113630397427	242	338.0
Shamela0023596-ara1.completed.ms127	7087397119235435394	155	299	808	1583	1586	300	تأتوننا عن اليمين الصافات --------------------------------------------يقول هذا المشركون يوم القيامة لقرنائهم من الشياطين إنكم كنتم تأتوننا--------------- عن أيماننا لأن إبليس قال لآتينهم من بين أيديهم ومن خلفهم وعن أيمانهم وعن شمائلهم الأعراف فشياطينهم تأتيهم من كل جهة من هذه الجهات بمعنى من الكيد والإضلال وقال المفسرون فمن أتاه الشيطان من جهة اليمين أتاه من قبل الدين فلبس عليه الحق ومن أتاه من جهة الشمال أتاه من قبل الشهوات ومن أتاه من بين يديه أتاه من قبل التكذيب بيوم القيامة والثواب والعقاب ومن أتاه من خلفه خوفه الفقر على نفسه وعلى من يخلف بعده فلم يصل رحما ولم يؤد زكاة فقال المشركون لقرنائهم إنكم كنتم تأتوننا---------- في الدنيا من جهة الدين فتشبهون علينا فيه حتى أضللتمونا فقال-- لهم قرناؤهم بل لم تكونوا مؤمنين الصافات أي لم تكونوا على حق فنشبهه عليكم ونزيلكم عنه إلى --باطل وما كان لنا عليكم من سلطان الصافات أي قدرة فنقهركم و-------------نجبركم	127	-2298784228722095805	Shamela0023594-ara1.ms1662	-6171238187637959764	64	203	368	1101	1618	300	تأتوننا عن اليمين عن الحق يعني الكفار يقولون للشيطان وقال القتبي إنما يقول هذا المشركون لقرنا------------ئهم من الشياطين إنكم كنتم تأتوننا عن اليمين يعني عن أيماننا لأن إبليس قال لآتينهم من بين أيديهم ومن خلفهم وعن أيمانهم وعن شمائلهم الأعراف وقال----------------------------------------------------------------- المفسرون -من أتاه الشيطان من قبل اليمين أتاه من قبل الدين وليس عليه الحق ومن أتاه من قبل الشمال أتاه من قبل الشهوات ومن أتاه من بين يديه أتاه من قبل التكذيب ب----القي----------------امة ومن أتاه من خلفه خوفه الفقر على نفسه وعلى من يخلف بعده فلم يصل رحما ولم يؤد زكاة وقال المشركون لقرنائهم إنكم كنتم تأتوننا عن اليمين في الدنيا من جهة الدين يعني----------------- أضللتمونا -قالوا لهم قرناؤهم بل لم تكونوا مؤمنين-------- أي لم تكونوا على حق فتشب-ه عليكم ونزيلكم عنه إلى الباطل وما كان لنا عليكم من سلطان يعني من--- قدرة فنقهركم ويقال من ملك فنجبركم	1662	-6146459113630397427	609	1074.5
Shamela0023596-ara1.completed.ms127	7087397119235435394	0	45	1	246	1586	300	الكلبي يكثر الذنوب ويؤخر التوبة وقال آخرون يتمنى الخطيئة وفيه قول آخر على طريق الإمكان إن كان الله تعالى أراده وهو أن يكون الفجور بمعنى التكذيب بيوم القيامة ومن كذب ب--حق فقد فجر وأصل الفجور الميل فقيل للكاذب والمكذب والفاسق فاجر لأنه مال عن الحق	127	-2298784228722095805	Shamela0023594-ara1.ms2087	-1692347042527796466	191	230	967	1187	1560	300	الكلبي يكثر الذنوب ويؤخر التوبة وقال آخرون يتمنى الخطيئة وفيه قول آخر على طريق الإنكار ب---------------------------أن يكون الفجور بمعنى التكذيب بيوم القيامة ومن كذب بالحق فقد فجر وأصل الفجور الميل فقيل للكاذب والمكذب والفاسق فاجر لأنه مال عن الحق	2087	-6146459113630397427	215	403.5
Shamela0023596-ara1.completed.ms128	-4876390231029136428	40	195	218	1038	1572	300	أم عندهم خزائن رحمة ربك الع-------------------------------------------------------------------------------------------------زيز الوهاب أم لهم ملك السماوات والأرض وما بينهما فليرتقوا في الأسباب جند ما هنالك مهزوم من الأحزاب ص أخبر الله سبحانه عن عنادهم وتكبرهم وتمسكهم بآلهتهم في أول السورة فقال بل الذين كفروا في عزة وشقاق ص وحكى قولهم أن امشوا واصبروا على آلهتكم ص أي اذهبوا ودعوه وتمسكوا بآلهتكم فقال الله عز وجل أعندهم بآلهتهم هذه خزائن الرحمة أم لهم ملك السماوات والأرض وما بينهما فليرتقوا في الأسباب ص أي ف------------------------------------------------------------------------------------ي أبواب السماء وأبواب السماء أسبابها قال الشاعر ولو نال أسباب السماء بسلم---- ويكون أيضا فليرتقوا في الأسباب --أي في الحبال إلى السماء كما سألوك أن ترقى -في السماء وتأتيهم بكتاب ويقال للرجل إذا تقدم في العلم وغيره وبرع قد ارتقى في الأسباب كما يقال قد بلغ السماء ونحو هذا قوله في موضع آخر أم لهم سلم يستمعون فيه فليأت مستمعهم بسلطان مبين الطور وهذا كله -------توبيخ وتقرير بالعجز------- ثم قال بعد جند ما هنالك مهزوم من الأحزاب	128	-2298784228722095805	Shamela0023594-ara1.ms1685	8136780952490594412	141	255	697	1301	1525	300	أم عندهم خزائن رحمة ربك يعني مفاتيح رحمة ربك يعني مفاتيح النبوة بأيديهم ليس ذلك بأيديهم وإنما ذلك فضل الله يؤتيه من يشاء العزيز الوهاب يعني بيد الله العزيز في ملكه الوهاب لمن يشاء------------------------------------------------------------------------------------------------------------------- بل الله يختار من يشاء للوحي فيوحي ا--------------------------------------------------------------------------لله عز وجل ---------------------وهي الرسالة لمن يشاء----------------- وما بينهما فليرتقوا في الأسباب يعني إن لم يرضوا بما فعل الله تعالى فليتكلفوا الصعود إلى السماء وقال القتبي أسباب السماء أي أبواب السماء كم------------------ا قال القائل ولو نال أسباب السماء بسلم قال ويكون أيضا فليرتقوا في الأسباب يعني في الجبال إلى السماء كما سألوك أن ترقى إلى السماء فتأتيهم بآية---------------------------------------------------------------------------------------------------------------------------------------------------------------------- وهذا كله تهديد وتوبيخ------- بالعجز سورة ص الآيات الى جند ما هنالك مهزوم من الأحزاب	1685	-6146459113630397427	290	370.0
Shamela0023596-ara1.completed.ms129	3521845249420214995	145	240	720	1233	1557	300	تدارك فأدغمت التاء في الدال------ وأدخلت ألف الوصل ليسلم للدال الأولى السكون ومثله حتى إذا اداركوا فيها جميعا الأعراف واثاقلتم إلى الأرض التوبة وقالوا اطيرنا بك النمل إنما هو تداركوا وتثاقلتم وتطيرنا ومعنى تدارك تتابع وعلمهم--- حكمهم على الآخرة وحدس----هم الظنون وأراد وما يشعرون متى يبعثون إلا بتتابع الظنون في علم الآخرة فهم يقولون تارة إنها تكون وتارة إنها لا تكون وإلى كذا تكون وما يعلم غيب ذلك إلا الله تعالى ثم قال بل------------------------------ هم في شك منها بل هم-------------------------------------------------------------------------------------- من علمها --عمون وكا---ن ابن عباس يقرؤها بلى أدار-----ك علمهم وهذه القراءة أشد إيضاحا للمعنى	129	-2298784228722095805	Shamela0023594-ara1.ms1440	-6722507708053926235	39	128	208	672	1553	300	تدارك فأدغم- التاء في الدال وشددت وأدخلت ألف الوصل ليسلم------------- السكون للدال--------------------------------------------------------------------------------------------------------------------- ومعناه----- تتابع -علمهم أي حكمهم على الآخرة واستعمالهم الظ----------------------------------------------نون في علم الآخرة فهم يقولون تارة إنها تكون وتارة----- لا تكون الساعة ويقال معناه تدارك أي تكامل علمهم يوم القيامة لأنهم يبعثون ويشاهدون ما وعدوا بل هم في شك منها أي من قيام الساعة في الدنيا بل هم منها عمون يعني يتعامون عن قيامها ويقال بل هم منها عمون أي من علمها جاهلون وروي عن ابن عباس أنه كان يقرأ بل ادراك علمهم وهذه القراءة أشد إيضاحا للمعنى	1440	-6146459113630397427	243	327.0
Shamela0023596-ara1.completed.ms129	3521845249420214995	20	93	101	472	1557	300	يدبر الأمر من السماء إلى الأرض ثم يعرج إليه في يو-------------------------------------------م كان مقدار---------ه ألف سنة مما تعدون السجدة يريد سبحانه أنه يقضي الأمر في السماء وينزله مع الملائكة إلى الأرض فت-------------------------------وقعه ثم تعرج إلى السماء أي تصعد بما أوقعته من ذلك الأمر فيكون نزولها به ورجوعها في يوم واحد مقداره ألف سنة مما تعدون يريد مقدار المسير فيه على قدر مسيرنا وعددنا ألف سنة لأن بعد ما بين السماء والأرض مسيرة خمسمائة عام	129	-2298784228722095805	Shamela0023594-ara1.ms1538	-1185001441068813341	223	293	1159	1518	1552	300	يدبر الأمر من السماء إلى الأرض ثم يعرج إليه في يوم كان مقداره يعني في يوم واحد من أيام الدنيا كان مقدار ذلك اليوم ألف سنة مما تعدون أنتم وقال القتبي معناه يقضي ف------ي السماء وينزله مع الملائكة إلى الأرض فتوقعه الملائكة عليهم السلام في الأرض ثم يعرج إليه-------------------------------------- فيكون نزولها--- ورجوعها في يوم واحد مق------------------------------دار المسير---- على قدر -سير-------نا ألف سنة لأن بعد ما بين السماء والأرض------ خمسمائة عام	1538	-6146459113630397427	245	389.0
Shamela0023596-ara1.completed.ms129	3521845249420214995	261	300	1340	1557	1557	300	يا أيها الذين آمنوا لا تتخذوا عدوي وعدوكم أولياء تلقون إليهم بالمودة وقد كفروا بما جاءكم من الحق يخرجون الرسول وإياكم أن تؤمنوا بالله ربكم إن كنتم خرجتم جهادا في سبيلي وابتغاء مرضاتي تسرون إليهم بالمودة وأنا أعلم بما	129	-2298784228722095805	Shamela0023594-ara1.ms1992	-6526473008998960319	45	84	242	459	1556	300	يا أيها الذين آمنوا لا تتخذوا عدوي وعدوكم أولياء تلقون إليهم بالمودة وقد كفروا بما جاءكم من الحق يخرجون الرسول وإياكم أن تؤمنوا بالله ربكم إن كنتم خرجتم جهادا في سبيلي وابتغاء مرضاتي تسرون إليهم بالمودة وأنا أعلم بما	1992	-6146459113630397427	217	434.0
Shamela0023596-ara1.completed.ms130	7689662950181837980	223	260	1183	1377	1586	300	كان قوم من المسلمين لشدة غيظهم وحنقهم على المشركين يستبطئون ما وعد الله ورسوله من النصر- وآخرون من المشركين يريدون اتباعه ويخشون أ--لا يتم له- أمره فقال تعالى من كان يظن أن لن ينصره الله يعني محمدا	130	-2298784228722095805	Shamela0023594-ara1.ms1267	2047643072781423707	259	294	1282	1459	1485	300	كان قوم من المسلمين لشدة غيظ-------هم على المشركين يستبطئون ما وعد لهم م--------ن النصرة وآخرون من المشركين يريدون اتباعه ويخشون أن لا يتم لهم أمره فنزل------ من كان يظن أن لن ينصره الله يعني محمدا	1267	-6146459113630397427	166	295.0
Shamela0023596-ara1.completed.ms130	7689662950181837980	200	260	1071	1377	1586	300	من كان يظن أن لن ينصره الله في الدنيا والآخرة فليمدد بسب---------------ب إلى السماء ثم ليقطع-------------------------------------------------------------------- فلينظر هل يذهبن كيد---------ه ما يغيظ الحج كان قوم من المسلمين لشدة غيظهم وحنقهم على المشركين يستبطئون ما وعد الله ورسوله من النصر وآخرون من المشركين يريدون اتباعه ويخشون ألا يتم له أمر---------ه فقال تعال---ى من كان يظن أن لن ينصره الله يعني محمدا	130	-2298784228722095805	Shamela0023594-ara1.ms1268	2761197638835498004	75	133	377	652	1549	300	من كان يظن أن لن ينصره الله في الدنيا والآخرة يعني أن لن يرزقه الله وذهب إلى قول العرب أرض منصورة أي ممطورة فكأنه قال من كان قانطا من رزق الله ورحمته فليفعل ذلك فلينظر هل يذهبن كيده أي حيلته ما يغيظ أي------------------------------------------------------------------------------------------------------------------------------------- غيظه لتأخير الرزق عنه وقال --الزجاج من كان يظن أن لن ينصره الله يعني محمدا	1268	-6146459113630397427	136	175.5
Shamela0023596-ara1.completed.ms130	7689662950181837980	53	139	279	745	1586	300	يا أيها الذين آمنوا --------------لا تتخذوا عدوي وعدوكم أو----------------------لياء تلقون إليهم بالمودة أي----------------------------------------------------- تخبرونهم بما يخبر بمثله الرجل أهل مودته وتنصحون لهم------------------------------ وقد كفروا بما جاءكم من الحق مع النبي صلى الله عليه وسلم يخرجون الرسول وإياكم تم الكلام يعني من مكة أن تؤمنوا بالله ربكم أي أخرجوا الرسول وأخرجوكم لأن آمنتم بالله وحده إن كنتم خرجتم جهادا في سبيلي وابتغاء مرضاتي يريد ف-------------------لا تلقوا إليهم بالمودة إن كنتم خرجتم مجاهدين في سبيلي طالبين رضاي ثم قال تسرون إليهم بالمودة وأنا أعلم بما أخفيتم وما أعلنتم	130	-2298784228722095805	Shamela0023594-ara1.ms1994	-245881944690374694	9	105	43	601	1668	300	يا أيها الذين آمنوا فسماهم مؤمنين لا تتخذوا عدوي وعدوكم أولياء يعني في العون والنصرة تلقون إليهم بالمودة يعني تكتبون وتبعثون إليهم بالصحيفة والنصيحة ويقال معناه تخبرونهم كما يخبر------ الرجل أهل مودته حيث توجهون إليهم بالكتاب والمودة والنصيحة وقد كفروا بما جاءكم من الحق يعني من القرآن والرسول----- يخرجون الرسول وإياكم يعني أخرجوكم-- من مكة أن تؤمنوا بالله ربكم يعني لأجل الإيمان بربكم يعني بوحدانية ربكم إن كنتم خر----جتم جهادا في سبيلي وابتغاء مرضاتي تسرون إليهم بالمودة يعني لا تلقون إليهم بالمودة إن كنتم خرجتم مجاهدين في سبيلي وطلب-- رضاي--------------------------- وأنا أعلم بما أخفيتم وما أعلنتم	1994	-6146459113630397427	311	481.5
Shamela0023596-ara1.completed.ms131	7519555656725966782	159	188	793	943	1459	300	وإن كان كبر عليك إعراضهم فإن استطعت أن تبتغي نفقا في الأرض أو سلما في السماء فتأتيهم بآية ولو شاء الله لجمعهم على الهدى فلا تكونن من الجاهلين الأنعام	131	-2298784228722095805	Shamela0023594-ara1.ms0540	-7568946286882501264	199	229	1095	1245	1584	300	وإن كان كبر عليك إعراضهم فإن استطعت أن تبتغي نفقا في الأرض أو سلما في السماء فتأتيهم بآية ولو شاء الله لجمعهم على الهدى فلا تكونن من الجاهلين قد نعلم	540	-6146459113630397427	146	288.0
Shamela0023596-ara1.completed.ms131	7519555656725966782	85	294	423	1428	1459	300	لا تثق بما أقوله-- فاذهب فاختنق تريد اجهد جهدك هذا معنى قول المفسرين وفيه وجه آخر على طريق الإمكان وهو أن تكون السماء هاهنا السماء بعينها لا السقف -كأنه قال فليمدد بسبب إليها أي بحبل وليرتق فيه ثم ليقطع------ حتى يخر فيهلك أي ليفعل هذا إن بلغه جهده فلينظر هل ينفعه ومثله قوله لرسول الله صلى الله عليه وسلم حين سأله المشركون أن يأتيهم بآية ولم يشأ الله أن يأتيهم بها فشق ذلك عليه وإن كان كبر عليك إعراضهم فإن استطعت أن تبتغي نفقا في الأرض أو سلما في السماء فتأتيهم بآية ولو شاء الله لجمعهم على الهدى فلا تكونن من الجاهلين الأنعام يريد اجهد إن بلغ هذا جهدك وروى ابن عيينة عن ابن أبي نجيح عن كردم أن رجلا سأل أبا هريرة وابن عمر وابن عباس عن رجل قتل مؤمنا متعمدا هل له توبة فكلهم قال هل يستطيع أن يحييه هل يستطيع أن يبتغي نفقا في الأرض أو سلما في السماء يريدون أنه لا توبة له كما أن هذا لا يكون وقال أبو عبيدة من كان يظن أن لن ينصره الله أي-------------------------- يرزقه الله وذهب إلى قول العرب أرض منصورة أي ممطورة وقد نصرت الأرض أي مطرت كأنه يريد من كان قانطا من رزق الله ورحمته فليفعل ذلك فلينظر هل يذهب- كيده أي حيلته----------- غيظه لتأخ-ر الرزق عنه	131	-2298784228722095805	Shamela0023594-ara1.ms1268	2761197638835498004	12	122	68	601	1549	300	لم تثق بما أقول لك فاذهب فاختنق أو اجت-هد جهدك قال------------------ وفيه وجه آخر----------------- وهو أن يكون------- هاهنا السماء بعينها لا السقف فكأنه قال فليمدد بسبب إليها أي بحبل وليرتق فيه ثم ليقطع الحبل حتى يخر ف--------------------------يهلك فلينظر هل ينفعه كقوله عز وجل----------------------------------------------------------------------------------------------------- وإن كان كبر عليك إعراضهم فإن استطعت أن تبتغي نفقا في الأرض أو سلما في السم---------------------اء-------------------------------------------- الأنعام---------------------------------------------------------------------------------------------------------------------------------------------------------------------------------------------------------------------------------------------------------------------- وقال أبو عبيدة من كان يظن أن لن ينصره الله في الدنيا والآخرة يعني أن لن يرزقه الله وذهب إلى قول العرب أرض منصورة أي ممطورة فكأنه قال من -----------------------كان قانطا من رزق الله ورحمته فليفعل ذلك فلينظر هل يذهبن كيده أي حيلته ما يغيظ أي غيظه لتأخير الرزق عنه	1268	-6146459113630397427	448	728.0
Shamela0023596-ara1.completed.ms132	-622341918231801300	107	159	559	848	1604	300	وتركهم في ظلمات لا يبصرون ف---الظلمة الأولى التي كانوا فيها الكفر واستيقادهم النار قولهم لا إله إلا الله وإن محمدا رسول الله فلما أضاءت لهم ما حولهم واهتدوا وآمنوا خلوا إلى شياطينهم فنافقوا وقالوا--------- إنما نحن مستهزؤن البقرة فسلبهم نور الإيمان وتركهم في ظلمات الكفر لا يبصرون--------------------------------------------------------------------------------------------------------------------------------------------------------------------------------------------------------------------------------------------------------------------------------------------------------------------------- ثم ضرب لهم مثلا آخر	132	-2298784228722095805	Shamela0023594-ara1.ms0027	5022491389946726579	82	183	436	983	1589	300	وتركهم في ظلمات لا يبصرون قال الظلمة الأولى----- كان-ت ظلمة الكفر -استيقادهم النار قول-- لا إله إلا الله وإذ------------------------------------------------------ا خلوا إلى شياطينهم فنافقوا وقالوا إنا معكم إنما نحن مستهزؤن البقرة فسلبهم نور الإيمان وتركهم في ظلمات------ لا يبصرون سورة البقرة آية أو كصيب من السماء فيه ظلمات ورعد وبرق يجعلون أصابعهم في آذانهم من الصواعق حذر الموت والله محيط بالكافرين أو كصيب من السماء فيه ظلمات يعني كمطر نزل من السماء فضرب لهم الله تعالى مثلا آخر لأن العرب كانوا يوضحون الكلام بذكر الأمثال فالله ضرب لهم الأمثال ليوضح عليهم الحجة فضرب لهم مثلا بالمستوقد النار ثم ضرب لهم مثلا آخر	27	-6146459113630397427	213	347.5
Shamela0023596-ara1.completed.ms132	-622341918231801300	28	64	137	331	1604	300	يجعلون أصابعهم في آذانهم من---- الصواعق حذر الموت والله محيط بالكافرين---------------------------------------------------------------- يكاد البرق يخطف أبصارهم كلما أضاء لهم مشوا فيه وإذا أظلم عليهم قاموا ولو شاء الله لذهب بسمعهم وأبصارهم إن الله على كل شيء قدير	132	-2298784228722095805	Shamela0023594-ara1.ms0028	1162283791990721565	126	172	661	913	1562	300	يجعلون أصابعهم في آذانهم من خوف الص-اعقة--------- والله محيط بالكافرين أي عالم بأعمالهم والإحاطة هي إدراك الشيء بكماله سورة البقرة آية يكاد البرق يخطف أبصارهم كلما أضاء لهم مشوا فيه وإذا أظلم عليهم قاموا ولو شاء الله لذهب بسمعهم وأبصارهم إن الله على كل شيء قدير	28	-6146459113630397427	183	335.5
Shamela0023596-ara1.completed.ms133	-988443400358438203	175	274	931	1467	1609	300	فكأنه قال إن ساعات الليل الناشئة فاكتفى بالوصف من الاسم وقوله------ أشد وطئا المزمل أي أثقل على المصلي من ساعات النهار وهو من قولك اشتدت على القوم وطأة سلطانهم إذا ثقل عليهم ما يلزمهم ويأخذهم به فأعلم الله نبيه أن الثواب في قيام الليل على قدر --شدة الوطأة وثقلها ومن قرأها وطاء على تقدير فعال فهو مصدر لواطأت فلانا على كذا مواطأة ووطاء وأراد أن القراءة في الليل يتواطأ فيها قلب المصلي ولسانه وسمعه على التفهم والأداء والاستماع بأكثر مما يتواطأ عليه بالنهار وأقوم قيلا المزمل أي أخلص للقول وأسمع له لأن الليل تهدأ عنه الأصوات وتنقطع فيه الحركات	133	-2298784228722095805	Shamela0023594-ara1.ms2074	2843158418813604572	163	205	831	1056	1550	300	فكأنه قال إن ساعات الليل الناشئة فاكتفى بالوصف من الاسم -قوله تعالى أشد وطئا يعن-----ي أثقل على المصلي من ساعات النهار فأخبر أ--------------------------------------------------------------------------------------ن الثواب --------------على قدر الشدة---------------------------------------------------------------------------------------------------------------------------------------------------------------------------------------------------------------- وأقوم قيلا يعن-----ي أخلص للقول وأسمع له لأن الليل تهدأ فيه الأصوات وتنقطع فيه الحركات	2074	-6146459113630397427	202	317.5
Shamela0023596-ara1.completed.ms134	6544441346228505675	238	299	1295	1647	1654	300	سورة البقرة----------- وإذ أخذنا ميثاقكم لا تسفكون دماءكم ولا تخرجون أنفسكم من دياركم ثم أقررتم وأنتم تشهدون ثم أنتم هؤلاء تقتلون أنفسكم وتخرجون فريقا منكم من ديارهم تظاهرون عليهم بالإثم والعدوان وإن يأتوكم أسارى تفادوهم وهو محرم عليكم إخراجهم أفتؤمنون ببعض الكتاب وتكفرون ببعض فما جزاء من يفعل ذلك منكم إلا خزي في الحياة الدنيا ويوم القيامة يردون إلى أشد العذاب	134	-2298784228722095805	Shamela0023594-ara1.ms0075	-4676622409806335669	191	254	1085	1448	1686	300	سورة البقرة الآيات الى وإذ أخذنا ميثاقكم لا تسفكون دماءكم ولا تخرجون أنفسكم من دياركم ثم أقررتم وأنتم تشهدون ثم أنتم هؤلاء تقتلون أنفسكم وتخرجون فريقا منكم من ديارهم تظاهرون عليهم بالإثم والعدوان وإن يأتوكم أسارى تفادوهم وهو محرم عليكم إخراجهم أفتؤمنون ببعض الكتاب وتكفرون ببعض فما جزاء من يفعل ذلك منكم إلا خزي في الحياة الدنيا ويوم القيامة يردون إلى أشد العذاب	75	-6146459113630397427	352	694.0
Shamela0023596-ara1.completed.ms134	6544441346228505675	0	40	1	219	1654	300	هم الذين كفروا وصدوكم عن المسجد الحرام والهدي معكوفا أن يبلغ محله ولولا رجال مؤمنون ونساء مؤمنات لم تعلموهم أن تطؤهم فتصيبكم منهم معرة بغير علم ليدخل الله في رحمته من يشاء لو تزيلوا لعذبنا الذين كفروا منهم عذابا أليما	134	-2298784228722095805	Shamela0023594-ara1.ms1865	-3626071574630548182	5	45	28	246	1590	300	هم الذين كفروا وصدوكم عن المسجد الحرام والهدي معكوفا أن يبلغ محله ولولا رجال مؤمنون ونساء مؤمنات لم تعلموهم أن تطؤهم فتصيبكم منهم معرة بغير علم ليدخل الله في رحمته من يشاء لو تزيلوا لعذبنا الذين كفروا منهم عذابا أليما	1865	-6146459113630397427	218	436.0
Shamela0023596-ara1.completed.ms134	6544441346228505675	12	144	67	813	1654	300	ولولا رجال مؤمنون ونساء مؤمنات لم تعلموهم أن تطؤهم فتصيبكم منهم معرة بغير علم ليدخل الله في رحمته من يشاء لو تزيلوا لعذبنا الذين كفروا منهم عذابا أليما الفتح كان بمكة قوم مؤمنون مختلطون بالمشركين غير متميزين ولا معروفي الأماكن فلما صد المشركون رسول الله صلى الله عليه وسلم عن المسجد الحرام وعكفوا الهدي أن يبلغ محله قال الله سبحانه لولا أن بمكة رجالا مؤمنين ونساء مؤمنات لا تعرفونهم فتطئوهم لو دخلتموها أي تقتلوهم ليدخلهم الله في رحمته-------- لو فعلتم فتصيبكم من قتلهم بغير علم معرة أ--ي يعيبكم المشركون بذلك ويقولون قد قتلوا أهل دينهم وعذبوهم كما فعلوا بنا وتلزمكم الديات ثم قال لو تزيلوا أي تميزوا من المشركين لعذبنا المشركين------------------ بالسيف عذابا أليما فصار قوله سبحانه لعذبنا الذين كفروا منهم عذابا أليما جوابا لكلامين أحدهما لولا رجال مؤمنون والآخر لو تزيلوا	134	-2298784228722095805	Shamela0023594-ara1.ms1866	7385183852575102701	101	167	551	923	1647	300	ولولا رجال مؤمنون ونساء مؤمنات لم تعلموهم أن تطؤ----------------------------------------------------------------------------------------------------------------------------------------------------------------------------------------------------------------------------------------------------------------------------------------------------------------------------------------------------هم لو دخلتموها أن تقتلوهم ليدخل-- الله في رحمته من يشاء لو فعلتم فيصيبكم من ق---------تلهم معرة يعني يعيركم المشركون بذلك ويقولون ---قتلوا أهل دين--------هم كما قتلونا ف---تلزمكم الديات ثم قال لو تزيلوا أي تميزوا من المشركين لعذبنا الذين كفروا يعني لو تميزوا بالسيف وقال القتبي -صار قول-------ه لعذبن-----------------------------ا جوابا لكلامين أحدهما لولا رجال مؤمنون والآخر لو تزيلوا	1866	-6146459113630397427	315	525.5
Shamela0023596-ara1.completed.ms136	-1074597870270575892	4	42	22	237	1654	300	من الذين هادوا يحرفون الكلم عن مواضعه ويقولون سمعنا وعصينا واسمع غير مسمع وراعنا ليا بألسنتهم وطعنا في الدين ولو أنهم قالوا سمعنا وأطعنا واسمع وانظرنا لكان خيرا لهم وأقوم ولكن لعنهم الله بكفرهم فلا يؤمنون إلا قليلا	136	-2298784228722095805	Shamela0023594-ara1.ms0370	-3659642546995413698	249	287	1313	1528	1593	300	من الذين هادوا يحرفون الكلم عن مواضعه ويقولون سمعنا وعصينا واسمع غير مسمع وراعنا ليا بألسنتهم وطعنا في الدين ولو أنهم قالوا سمعنا وأطعنا واسمع وانظرنا لكان خيرا لهم وأقوم ولكن لعنهم الله بكفرهم فلا يؤمنون إلا قليلا	370	-6146459113630397427	215	430.0
Shamela0023596-ara1.completed.ms136	-1074597870270575892	4	154	22	853	1654	300	من الذين هادوا---- يحرفون الكلم عن مواضعه ويقو---------------------------------------------------------لون سمعنا----- وعصينا وا-----سمع غير مسمع ----وراعنا ليا بألسنتهم---------------------- وطعنا في الدين ولو أنه---------م قالوا سمعنا وأطعنا واسمع وانظرنا لكان خيرا لهم وأقوم ولكن لعنهم الله بكفرهم فلا يؤمنون إلا قليلا النساء هؤلاء قوم من اليهود كانوا يقولون للنبي صلى الله عليه وسلم إذا حدثهم وأمرهم سمعنا ويقولون في أنفسهم -عصينا وإن- أرادوا أن يكلموه بشيء قالوا له اسمع يا أبا القاسم ويقولون في أنفسهم لا سمعت ويقولون له راعنا يوهمونه في ظاهر اللفظ أنهم يريدون انتظرنا حتى نكلمك بما نريد كما تقول العرب أرعني سمعك وراعني أي انتظرني وترفق وتلوم علي هذا ونحوه وإنما يريدون سبه بالرعونة في لغتهم فقال الله سبحانه من الذين هادوا يحرفون الكلم عن مواضعه ويقولون كذا وكذا ويقولون راعنا ليا بألسنتهم أي قلبا للكلام بها وطعنا في الدين ولو أنهم قالوا سمعنا وأطعنا مكان قولهم سمعنا وعصينا وقالوا واسمع مكان قوله لا سمعت وانظرنا مكان قولهم راعنا	136	-2298784228722095805	Shamela0023594-ara1.ms0371	8127242778185119982	185	300	976	1601	1601	300	من الذين هادوا قوم يحرفون الكلم عن مواضعه أي يحرفون نعته عن مواضعه وهو نعت محمد صلى الله عليه وسلم ويقولون سمعنا قولك وعصينا أمرك واسمع غير مسمع منك وراعنا ليا بألسنتهم أي يلوون لسانهم بالسب وطعنا في الدين أي في دين الإسلام قال القتبي----------------------------------------------------------------------------------------------------------------- كانوا يقولون للنبي صلى الله عليه وسلم إذا حدثهم وأمرهم سمعنا ويقولون في أنفسهم وعصينا وإذا أرادوا أن يكلموه بشيء قالوا ا---سمع يا أبا القاسم ويقولون في أنفسهم لا سمعت ويقولون را---عنا يوهمونه في ظاهر اللفظ أنهم يريدون انظ-رنا حتى نكلمك بما تريد ويريدون به السب----------------------------------------------------------------------- بالر-----------------------------------------------------------------------------------------------عونة ليا بألسنتهم أي قلبا للكلام ---------------بها ولو أنهم قالوا سمعنا وأطعنا مكان------ سمعنا وعصينا واس-------مع مكان اسمع لا سمعت وانظرنا مكان قولهم راعنا	371	-6146459113630397427	466	789.0
Shamela0023596-ara1.completed.ms136	-1074597870270575892	176	236	976	1284	1654	300	سورة المائدة----------- يا أيها الذين آمنوا شهادة بينكم إذا حضر أحدكم الموت حين الوصية اثنان ذوا عدل منكم أو آخران من غيركم إن أنتم ضربتم في الأرض فأصابتكم مصيبة الموت تحبسونهما من بعد الصلاة فيقسمان بالله إن ارتبتم لا نشتري به ثمنا ولو كان ذا قربى ولا نكتم شهادة الله إنا إذا لمن الآثمين فإن عثر على أنهما استحقا إثما	136	-2298784228722095805	Shamela0023594-ara1.ms0517	-780810969704838171	238	300	1234	1553	1553	300	سورة المائدة الآيات الى يا أيها الذين آمنوا شهادة بينكم إذا حضر أحدكم الموت حين الوصية اثنان ذوا عدل منكم أو آخران من غيركم إن أنتم ضربتم في الأرض فأصابتكم مصيبة الموت تحبسونهما من بعد الصلاة فيقسمان بالله إن ارتبتم لا نشتري به ثمنا ولو كان ذا قربى ولا نكتم شهادة الله إنا إذا لمن الآثمين فإن عثر على أنهما استحقا إثما	517	-6146459113630397427	308	606.0
Shamela0023596-ara1.completed.ms136	-1074597870270575892	236	273	1284	1500	1654	300	فآخران يقومان مقامهما من الذين استحق عليهم الأوليان فيقسمان بالله لشهادتنا أحق من شهادتهما وما اعتدينا إنا إذا لمن الظالمين ذلك أدنى أن يأتوا بالشهادة على وجهها أو يخافوا أن ترد أيمان بعد أيمانهم واتقوا الله واسمعوا	136	-2298784228722095805	Shamela0023594-ara1.ms0518	7146244077175506155	0	37	1	217	1557	300	فآخران يقومان مقامهما من الذين استحق عليهم الأوليان فيقسمان بالله لشهادتنا أحق من شهادتهما وما اعتدينا إنا إذا لمن الظالمين ذلك أدنى أن يأتوا بالشهادة على وجهها أو يخافوا أن ترد أيمان بعد أيمانهم واتقوا الله واسمعوا	518	-6146459113630397427	216	432.0
Shamela0023596-ara1.completed.ms140	-3516746578162624979	106	193	514	968	1544	300	عاهدتم ولا تنقضوا----------- الأيمان بعد توكيدها النحل---- فتكونوا إن فعلتم كامرأة غزلت غزلا وقوت مرته وأبرمته فلما استحكم نقضته--------- فجعلته أنكاثا والأنكاث ما نقض من أخلاق بيوت الشعر والوبر ليغزل ثانية ويعاد مع الجديد وكذلك ما نقض من خلق الخز ومنه قيل لمن أعطاك بيعته على السمع والطاعة ثم خرج عليك ناكث لأنه نقض ما وكد على نفسه بالإيمان والعهود كما تنقض الناكثة غزلها ثم قال تتخذون أيمانكم دخلا بينكم أي دغلا وخيانة وحيلا أن تكون أمة --------------هي أربى من أمة أي لأن يكون قوم أغنى من	140	-2298784228722095805	Shamela0023594-ara1.ms1060	1415506213920472661	217	268	1127	1388	1542	300	-----------تؤكدوا على أنفسكم الأيمان والعهود ثم تنقضوا ذلك فتكونوا--------- كامرأة غزلت ونسجت ث--------------------------م نقضت ذلك النسج فجعلته أنكاثا والأنكاث ما نقض من غزل------- الشعر وغيره واحدها نكث------------------------------------------------------------------------------------------------------------------------------------------------------------------------ ثم قال تتخذون أيمانكم دخلا بينكم أي دغلا وخيانة------ أن تكون أمة أي فريقا منكم هي أربى من أمة أي هي أكثر و----أغنى من	1060	-6146459113630397427	171	216.0
Shamela0023596-ara1.completed.ms142	-1226510015078465172	40	81	243	437	1559	300	سورة هود---- أفمن كان على بينة من ربه ويتلوه شاهد منه ومن قبله كتاب موسى إماما ورحمة أولئك يؤمنون به ومن يكفر به من الأحزاب فالنار موعده فلا تك في مرية منه إنه الحق من ربك ولكن أكثر الناس لا يؤمنون	142	-2298784228722095805	Shamela0023594-ara1.ms0876	-4256259958559919584	5	47	27	225	1500	300	سورة هود آية أفمن كان على بينة من ربه ويتلوه شاهد منه ومن قبله كتاب موسى إماما ورحمة أولئك يؤمنون به ومن يكفر به من الأحزاب فالنار موعده فلا تك في مرية منه إنه الحق من ربك ولكن أكثر الناس لا يؤمنون	876	-6146459113630397427	194	381.5
Shamela0023596-ara1.completed.ms143	-3730204024540992213	183	239	962	1249	1582	300	موسى الكتاب تماما على أحسن من العلم والحكمة------------------------- وكتب الله المتقدمة وأراد بقوله تماما على ذلك أي زيادة على ذلك والتأويل الأول أعجب إلي لأنه في مصحف عبد الله تماما على الذين أحسنوا وفي هذا ما دل على ذلك التأويل وقد ينصرف أيضا إلى معنى آخر كأنه قال آتينا----ه الك-------------------------------------------------------------------------------------------------------------------------تاب إتماما منا للإحسان على من أحسن	143	-2298784228722095805	Shamela0023594-ara1.ms0601	-1403091440373184008	73	131	394	704	1608	300	موسى الكتاب تماما على أحسن من العلم والحكمة أي مع ما كان له من العلم وكتب----- المتقدمين أعطيناه-------------------- زيادة على ذلك ويكون-------------------------------------------------- الذي بمعنى ما قال ومعنى آخر---------------------------------------------------- آتينا موسى الكتاب تتميما منا للمحسنين يعني الأنبياء والمؤمنين وتفصيلا منا لكل شيء يعني بيانا لكل شيء قال ويجوز معنى آخر وآتينا موسى الكتاب إتماما منا للإحسان على من أحسن	601	-6146459113630397427	124	164.5
Shamela0023596-ara1.completed.ms144	-7816544224417030931	166	192	807	947	1450	300	--وقال بعض المسجونين------- خرجنا من الدنيا ونحن من أهلها فلسنا من الأحياء فيها ولا الموتى إذا جاءنا السجان يوما لحاجة عجبنا وقلنا جاء هذا من الدنيا	144	-2298784228722095805	Shamela0023594-ara1.ms0472	-638815310521946546	271	300	1344	1491	1491	300	بقو--ل بعض أهل السجن في ذلك خرجنا من الدنيا ونحن من اهلها فلسنا من الأموات فيها ولا الأحيا إذا جاءنا السجان يوما لحاجة عجبنا وقلنا جاء هذا من الدنيا	472	-6146459113630397427	122	219.5
Shamela0023596-ara1.completed.ms150	-4430219577291617443	81	194	439	1027	1644	300	أو-لم ي---روا إلى ما خلق الله من شيء--------------------------- يتفيؤا ظل----------------اله عن اليمين والشمائل سجدا لله وهم داخرون النحل ---تفيؤ الظلال رجوعها من جانب إلى جانب فهي مرة تجاه الشخص ومرة وراءه ومرة عن يمينه ومرة عن شماله وأصل الفيء الرجوع ومنه قيل للظل في العشي فيء لأنه فاء أي رجع من جانب إلى جانب ومنه الفيء في الإيلاء إنما هو الرجوع إلى المرأة وأص----------------------------------------------------------------ل السجود التطأطؤ والميل يقال سجد البعير وأسجد إذا طؤطىء ليركب وسجدت النخلة إذا مالت قال لبيد يصف نخلا غلب سواجد لم يدخل بها الحصر فالغلب الغلاظ الأعناق والسواجد الموائل ومن هذا قيل لمن وضع جبهته بالأرض ساجد لأنه تطامن في ذلك ثم قد يستعار السجود فيوضع موضع الاستسلام والطاعة	150	-2298784228722095805	Shamela0023594-ara1.ms1044	-1460032138985077763	26	90	155	503	1613	300	أو لم يعتبروا إلى ما خلق الله من شيء عند طلوع الشمس وعند غروبها يتفيؤا ظلاله يعني يدور ظلاله عن اليمين والشمائل قال القتبي أصل الفيء الرجوع وتفيؤ الظلال رجوعها من ---------------------------------------------------------------------------------------------------------------------------------------------------------------------------------------------------------جانب إلى جانب سجدا لله وهم داخرون أي صاغرون ويقال وهم مطيعون وأصل السجود التطأطؤ والميل يقال سجد البعير------ إذا تطأطأ------ وسجدت النخلة إذا مالت--------------------------------------------------------------------------------------------------------------------------------------------- ثم قد يستعار السجود ويوضع موضع الاستسلام والطاعة	1044	-6146459113630397427	203	192.0
Shamela0023596-ara1.completed.ms151	-3727766500219861732	203	225	1039	1159	1541	300	ويقول الذين آمنوا لولا نزلت سورة فإذا أنزلت سورة محكمة وذكر فيها القتال رأيت الذين في قلوبهم مرض ينظرون إليك نظر المغشي	151	-2298784228722095805	Shamela0023594-ara1.ms1845	6297622919048854575	278	300	1516	1636	1636	300	ويقول الذين آمنوا لولا نزلت سورة فإذا أنزلت سورة محكمة وذكر فيها القتال رأيت الذين في قلوبهم مرض ينظرون إليك نظر المغشي	1845	-6146459113630397427	120	240.0
Shamela0023596-ara1.completed.ms151	-3727766500219861732	225	252	1159	1298	1541	300	عليه من الموت فأولى لهم طاعة وقول معروف فإذا عزم الأمر فلو صدقوا الله لكان خيرا لهم فهل عسيتم إن توليتم أن تفسدوا في الأرض وتقطعوا أرحامكم	151	-2298784228722095805	Shamela0023594-ara1.ms1846	547403247797423762	0	27	1	140	1582	300	عليه من الموت فأولى لهم طاعة وقول معروف فإذا عزم الأمر فلو صدقوا الله لكان خيرا لهم فهل عسيتم إن توليتم أن تفسدوا في الأرض وتقطعوا أرحامكم	1846	-6146459113630397427	139	278.0
Shamela0023596-ara1.completed.ms152	-7386016634442427579	6	137	32	708	1517	300	رأيت الذين في قلوبهم مرض أي شك ون------فاق ينظرون إليك نظر المغشي عليه من الموت يريد أ--------------------نهم يشخصون نحوك بأبصارهم وينظرون نظرا شديدا بتحديق وتحديد كما ينظر الشاخص ببصره عند الموت من شدة العداوة والعرب تقول رأيته لمحا باصرا أي نظرا صلبا بتحديق ونحوه قوله وإن يكاد الذين كفروا ليزلقونك بأبصارهم القلم أي يسقطونك بشدة نظرهم وقد تقدم ذكر هذا ثم قال فأولى لهم تهد------د ووعيد و------------------------------------------------تم الكلام ثم قال طاعة وقول معروف و----------هذا مختصر يريد قولهم قبل نزول الفرض سمع- لك وطاع-------------------------------------------------------------------------------------------------------------------------------ة فإذا عزم الأمر أي جاء الجد كرهوا ذلك فحذف ----------------------الجواب على ما بينت في باب الاختصار------------------------------------- ثم ابتدأ فقال فلو صدقوا الله لكان خيرا لهم ثم قال-------------------------------------------------------------------- فهل عسيتم إن تول---------------------يتم أي انصرفتم عن النبي صلى الله عليه وسلم وما يأمركم به أن تفسدوا في ال-------------------------------------أرض وتقطعوا أرحامكم	152	-2298784228722095805	Shamela0023594-ara1.ms1847	6128919648303592646	16	183	90	959	1568	300	رأيت الذين في قلوبهم مرض يعني الشك والنفاق ينظرون إليك نظر المغشي عليه من الموت كراهية لنزول القرآن يعني إنهم يشخصون نحوك بأبصارهم وينظرون نظرا شديدا---------------------------------------------- من شدة العداوة كما ينظر المريض عند الموت----------------------------------------------------------------------------------------------------------------------------- فأولى لهم فهذا تهديد ووعيد يعني وليهم المكروه يعني قل لهم احذروا العذاب وقد تم الكلام ثم قال طاعة وقول معروف قال القتبي هذا مخصوص يعني قولهم قبل نزول الفرض سمعا لك وطاعة فإذا أمروا به كرهوا ذلك ويقال معناه طاعة وقول معروف أمثل لهم ويقال معناه فإذا أنزلت سورة ذات طاعة يؤمر فيها بالطاعة وقول معروف فإذا عزم الأمر أي جاء الجد ووقت القتال فلم يذكر في الآية جوابه والجواب فيه مضمر معناه فإذا عزم الأمر يعني وجب الأمر وجد الأمر كرهوا ذلك ثم ابتدأ فقال فلو صدقوا الله لكان خيرا لهم يعني لو صدقوا الله في النبي وما جاء به لكان خيرا لهم من الشرك والنفاق قوله فهل عسيتم إن توليتم يعني لعلكم وإن وليتم أمر هذه الأمة ---------------------------------------أن تفسدوا في الأرض بالمعاصي يعني أن تعصوا الله في الأرض وتقطعوا أرحامكم	1847	-6146459113630397427	363	527.5
Shamela0023596-ara1.completed.ms152	-7386016634442427579	182	238	922	1199	1517	300	غطاءك فبصرك اليوم حديد--------------------------------------------- وقال قرينه هذا ما لدي عتيد ألقيا في جهنم كل كفار عنيد مناع للخير معتد مريب الذي جعل مع الله إلها آخر فألقياه في العذاب الشديد قال قرينه ربنا ما أطغيته ولكن كان في ضلال بعيد قال لا تختصموا لدي وقد قدمت إليكم بالوعيد ما يبدل القول لدي وما أنا بظلام للعبيد	152	-2298784228722095805	Shamela0023594-ara1.ms1886	3291138113209016291	124	190	655	976	1514	300	غطاء- فبصرك اليوم حديد يعني علمك بما أنت فيه نافذ سورة ق الآيات الى وقال قرينه هذا ما لدي عتيد ألقيا في جهنم كل كفار عنيد مناع للخير معتد مريب الذي جعل مع الله إلها آخر فألقياه في العذاب الشديد قال قرينه ربنا ما أطغيته ولكن كان في ضلال بعيد قال لا تختصموا لدي وقد قدمت إليكم بالوعيد ما يبدل القول لدي وما أنا بظلام للعبيد	1886	-6146459113630397427	276	535.0
Shamela0023596-ara1.completed.ms153	-8007387125937288727	78	109	405	565	1524	300	بعضهم على بعض يتساءلون قالوا إنكم كنتم تأتوننا عن اليمين قالوا بل لم تكونوا مؤمنين وما كان لنا عليكم من سلطان بل كنتم قوما طاغين فحق علينا قول ربنا إنا لذائقون	153	-2298784228722095805	Shamela0023594-ara1.ms1661	5941739088922958752	0	31	1	161	1616	300	بعضهم على بعض يتساءلون قالوا إنكم كنتم تأتوننا عن اليمين قالوا بل لم تكونوا مؤمنين وما كان لنا عليكم من سلطان بل كنتم قوما طاغين فحق علينا قول ربنا إنا لذائقون	1661	-6146459113630397427	160	320.0
Shamela0023596-ara1.completed.ms154	-8362729117740338660	82	155	415	796	1533	300	القصص -معاد الرجل بلده لأنه يتصرف في البلاد ويضرب ف-ي الأرض ثم يعود إلى بلده يقا-------ل رد فلان إلى معاده أي رد إلى بلده ومثله قولهم لمنزل الرجل مثاب ومثابة لأنه يتصرف في حوائجه ثم يثوب إليه وكان رسول الله صلى الله عليه وسلم حين خرج من مكة إلى المدينة اغتم بمفارقة -مكة لأنها مولده وموطنه ومنشؤه وبها أهله وعشيرته واستوحش فأخبره الله سبحانه في طريقه أنه سيرده إلى مكة وبشره بالظهور والغلبة	154	-2298784228722095805	Shamela0023594-ara1.ms1481	7108763796138184158	164	222	864	1172	1543	300	القتبي معاد الرجل بلده لأنه يتصرف في البلاد وينصرف في الأرض ثم يعود إلى بلده والعرب تقول رد فلان إلى معاده -يعني إلى بلد----------------------------------------------------------------------ه وكان النبي---- صلى الله عليه وسلم حين خرج من مكة إلى المدينة اغتم لمفارقته مكة لأنها مولده وموطنه ومنشأه وبها ------عشيرته واستوحش فأخبر- الله تعالى- في طريقه أنه سيرده إلى مكة وبشره بالظهور والغلبة	1481	-6146459113630397427	270	458.0
Shamela0023596-ara1.completed.ms154	-8362729117740338660	71	187	365	958	1533	300	وما كنت ترجوا أن يلقى إليك الكتاب -------------------------إلا رحمة من ربك القصص معاد الرجل بلده لأنه يتصرف في البلاد ويضرب في الأرض ثم يعود إلى بلده يقال رد فلان إلى معاده أي رد إلى بلده ومثله قولهم لمنزل الرجل مثاب ومثابة لأنه يتصرف في حوائجه ثم يثوب إليه وكان رسول الله صلى الله عليه وسلم حين خرج من مكة إلى المدينة اغتم بمفارقة مكة لأنها مولده وموطنه ومنشؤه وبها أهله وعشيرته واستوحش فأخبره الله سبحانه في طريقه أنه سيرده إلى مكة وبشره بالظهور والغلبة وفي الآية تقديم وتأخير والمعنى إن الذي فرض عليك القرآن أ--ي جعلك نبيا ينزل عليك القرآن وما كنت ترجو قبل ذلك أن تكون نبيا يوحى إليك الكتاب لرادك إلى ---------مكة ظاهرا قاهرا	154	-2298784228722095805	Shamela0023594-ara1.ms1482	-4917529938766010292	22	78	93	363	1415	300	وما كنت ترجوا أن يلقى إليك الكتاب يعني أن ينزل عليك القرآن إلا رحمة من ربك يعني إلا كان الكتاب رحمة من ربك و------------------------------------------يقال ف--------------------------------------------------------------------------------------------------------------------------------------------------------------------------------------------------------------------------------------------------------------------------------------------------------------ي الآية تقديم ومعناه-------- إن الذى فرض عليك القرآن يعني جعلك نبيا ينزل عليك القرآن وما كنت ترجو قبل ذلك أن تكون نبيا بوحي إليك------- لرادك إلى معاد إلى مكة ظاهرا قاهرا	1482	-6146459113630397427	191	283.5
Shamela0023596-ara1.completed.ms155	6190331117526205898	27	58	129	274	1485	300	ثم قال وأنه كان يقول سفيهنا على الله شططا الجن أي جاهلنا يقول شططا أي غلوا في الكذب والجور ثم قال----------------------------------------------------------------------------------- وأنا ظننا أن لن تقول الإنس والجن على الله كذبا	155	-2298784228722095805	Shamela0023594-ara1.ms2068	-4721796471623654254	27	72	128	353	1501	300	ثم قال وأنه كان يقول سفيهنا على الله شططا يعن---ي جاهلنا يعني إبليس لعنه الله ويقال وأنه كان يقول سفيهنا يعني كفرة الجن على الله شططا يعني كذبا وجورا من المقال سورة الجن الآيات الى وأنا ظننا أن لن تقول الإنس والجن على الله كذبا	2068	-6146459113630397427	107	168.5
Shamela0023596-ara1.completed.ms155	6190331117526205898	188	300	922	1485	1485	300	ظنوا كما ظننتم أن لن يبعث الله أحدا الجن يقول ظن الجن كما ظننتم أيها الإنس أن لا بعث يوم القيامة أي كانوا لا يؤمنون بالبعث كما أنكم لا تؤمنون به وانقطع هاهنا قول الله ---------------تعالى وقال الجن و-----أنا لمسنا السماء--------------------------------------- فوجدناها ملئت حرسا شديدا------------------------------ وشهبا الجن و إنا مكسورة نسق على ما تقدم من قولهم يريدون حرست بالنجوم من -------------استماعنا وكنا قبل ذلك نقعد منها مقاعد للسمع------------------------------------------------------------------------------------------ وروى عبد الرزاق عن معمر أنه قال قلت للزهري أكان يرمى بالنجوم في الجاهلية فقال نعم قلت أفرأيت قوله وأنا كنا نقعد منها مقاعد للسمع فمن يستمع الآن يجد له شهابا رصدا الجن فقال غلظت وشدد أمرها حين بعث النبي صلى الله عليه وسلم	155	-2298784228722095805	Shamela0023594-ara1.ms2069	420065967502483356	6	124	31	647	1565	300	ظنوا كما ظننتم أن لن يبعث الله أحدا ----------------------------------يعني رسولا فقد أرسل محمدا صلى-------------------------------------------------------------- الله عليه وسلم ثم رجع إلى كلام الجن فقال وأنا لمسنا السماء يعني صعدنا وأتينا السماء لاستراق السمع فوجدناها ملئت حرسا شديدا يعني حفاظا أقوياء من الملائكة وشهبا يعني رمينا نجما متوقدا وأنا كنا نقعد منها مقاعد للسمع يعني كنا نقعد فيما مضى للاستماع من الملائكة ما يقولون فيما بينهم من الكوائن فمن يستمع الآن يجد له شهابا رصدا يعني نجما مضيئا والرصد الذي أرصد للرجم يعني النجم وروى عبد الرزاق عن معمر ----قال قلت للزهري أكان يرمى بالنجوم في الجاهلية -قال نعم قلت أفرأيت -------------------------------قوله فمن يستمع الآن يجد له شهابا رصدا ------قال غلظ- وشدد أمرها حين بعث النبي صلى الله عليه وسلم	2069	-6146459113630397427	296	409.0
Shamela0023596-ara1.completed.ms157	-3536470713660435190	177	256	873	1248	1483	300	الله أحد ولن أجد من دونه ملتحدا إلا بلاغا من الله ورسالاته ومن يعص الله ورسوله فإن له نار جهنم خالدين فيها أبدا حتى إذا رأوا ما يوعدون فسيعلمون من أضعف ناصرا وأقل عددا قل إن أدري أقريب ما توعدون أم يجعل له ربي أمدا عالم الغيب فلا يظهر على غيبه أحدا إلا من ارتضى من رسول الجن أي ارتضاء للنبوة والرسالة فإنه يطلعه على ما يشاء من غيبه ثم قال فإنه يسلك من بين يديه ومن خلفه رصدا	157	-2298784228722095805	Shamela0023594-ara1.ms2071	-118304486795850812	0	65	1	307	1511	300	الله أحد ولن أجد من دونه ملتحدا إلا بلاغا من الله ورسالاته ومن يعص الله ورسوله فإن له نار جهنم خالدين فيها أبدا حتى إذا رأوا ما يوعدون فسيعلمون من أضعف ناصرا وأقل عددا قل إن أدري أقريب ما توعدون أم يجعل له ربي أمدا عالم الغيب فلا يظهر على غيبه أحدا إلا من ارتضى من رسو---------------------------------------------------------------------ل فإنه يسلك من بين يديه ومن خلفه رصدا	2071	-6146459113630397427	306	603.0
Shamela0023596-ara1.completed.ms157	-3536470713660435190	200	291	985	1440	1483	300	حتى إذا رأوا ما يوعدون--------------------- فسيعلمون من أضعف ناصرا--------------------- وأقل عددا--------------------------------------------------------- قل إن أدري أقريب ما توعدون--------------------------------------- أم يجعل له ربي --------------------------------أمدا عالم ال-------------------غيب فلا يظهر على غيبه أحدا إلا ----------------------------------------------------------------------------من ارتضى من رسول الجن أي ارتضاء للنبوة والرسالة فإ-نه يطلعه على ما يشاء من --غيبه ثم قال فإ-----------نه يسلك من بين يديه ومن خلفه رصدا الجن أي يجعل بين يديه وخلفه رصدا من الملائكة يحوطون الوحي من أن تسترقه-------------------------------------------------------- الشياطين فتلقيه إلى الكهنة حتى تخبر به الكهنة إخبار الأنبياء------------------------------------------------------------------------------------------------------------------------------ فلا يكون بينهم وبين الأنبياء فرق ولا يكون للأنبياء دلالة ثم	157	-2298784228722095805	Shamela0023594-ara1.ms2072	7814435596331780356	108	279	526	1381	1475	300	حتى إذا رأوا ما يوعدون في الدنيا وفي الآخرة فسيعلمون من أضعف ناصرا يعني مانعا من العذاب وأقل عددا يعني رجالا فقالوا متى هذا العذاب الذي تعدنا يا محمد فنزل قل إن أدري أقريب ما توعدون يعني ما أدري أقريب ما توعدون من العذاب أم يجعل له ربي أمدا يعني أجلا ينتهي إليه قوله تعالى عالم الغيب يعني هو عالم الغيب فلا يظهر على غيبه أحدا يعني هو الذي يعلم وقت نزول العذاب ولا يطلع على غيبه أحدا من خلقه قوله تعالى إلا من ارتضى من رسول يعني إلا من اختار ------لرسالته فإنه يطلعه على ما يشاء من الغيب ليكون دلالة لنبوته فإنه يسلك من بين يديه ومن خلفه رصدا يعن-----------------------------------------------------ي من الملائكة بين يدي رسول الله صلى الله عليه وسلم ومن خلفه ليحفظوه من الشياطين --ليعلم أن قد أبلغوا رسالات ربهم يعني ليعلموا الرسول أن الذي أنزل إليه من رسالات الله وذلك أن الملائكة لو لم يرصدوهم لما يستمعوا حين يقرأ جبريل ثم يفشون ذلك قبل أن يخبرهم الرسول فلا يكون بينهم وبين الأنبياء فرق ولا يكون للأنبياء دلالة ثم	2072	-6146459113630397427	296	433.0
Shamela0023596-ara1.completed.ms158	7815189160761401503	160	236	911	1278	1630	300	إن الله جل ذكره لما استخلف آدم على ذريته وسلطه على جميع ما في الأرض من الأنعام-------- والطير والوحش عهد إليه عهدا أمره فيه ونهاه وحرم عليه وأحل له فقبله ولم يزل عاملا به إلى أن حضرته الوفاة فما حضرته صلى الله عليه وسلم سأل الله أن يعلمه من يستخلف بعده ويقلده من الأمانة ما قلده فأمره أن يعرض ذلك على السموات------- بالشرط الذي أخذ عليه من الثواب إن أطاع ومن العقاب إن عصى فأبين أن	158	-2298784228722095805	Shamela0023594-ara1.ms1590	7656030982565274160	238	300	1254	1560	1560	300	أن الله عز وجل- لما استخلف آدم على ذريته وسلطه على جميع ما في الأرض من الأنعام والوحوش والطير------- عهد إليه عهدا أمره فيه ونها------------------ه فقبله ولم يزل عاملا به إلى أن حضرته الوفاة فسأل ربه أ-----------------------------ن يعلمه من يستخلف بعده ويقلده--- الأمانة أ--------------ن يعرض ----على السموات والأرض بالشرط الذي أخذ عليه من الثواب إن أطاع ومن العقاب إن عصى فأبين أن	1590	-6146459113630397427	275	481.0
Shamela0023596-ara1.completed.ms160	621259411420335133	69	103	340	530	1552	300	أولم يهد للذين يرثون الأرض الأعراف أي ألم ي-------------------------------------------------------------------------------------------------------------------------------------------بين لهم فالإرشاد في جميع هذه بالبيان ومنها إرشاد------ بالدعاء كقوله ولكل قوم هاد الرعد أ--ي نبي -يدعوهم وقوله وجعلناهم أئمة يهدون بأمرنا الأنبياء أي يدعون	160	-2298784228722095805	Shamela0023594-ara1.ms0648	-4260580445151210274	93	151	475	784	1572	300	أولم يهد للذين يرثون الأرض يعني أو لم يبين قال القتبي أصل الهدى الإرشاد كقوله عسى ربي أن يهديني يعني يرشدني ثم يصير الإرشاد لمعان منها إرشاد بيان مثل قوله أولم يهد للذين يعني أو لم يبين لهم----------------------------- ومنها إرشاد بمعنى بالدعاء كقوله ولكل قوم هاد الرعد يعني نبيا يدعوهم وقوله وجعلناهم أئمة يهدون بأمرنا الأنبياء أي يدعون	648	-6146459113630397427	145	247.5
Shamela0023596-ara1.completed.ms164	-3981480786017385501	2	79	15	419	1558	300	الإمام أصله ما ائتممت به قال الله تعالى لإبراهيم إني جاعلك للناس إماما البقرة أي يؤتم بك ويقتدى بسنتك ثم يجعل الك-------------------تاب إماما يؤ-----تم بما أحصاه------- قال الله عز وجل يوم ندعوا كل أناس بإمامهم الإسراء أي بكتابهم الذي جمعت فيه أعمالهم في الدنيا وقال------ وكل شيء أحصيناه في إمام مبين يس يعني كتابا أو يعني اللوح المحفوظ وقد يجعل-------- الطريق إماما لأن المسافر يأتم به ويستدل--- قال الله تعالى وإنهما لبإمام مبين الحجر أي بطريق واضح	164	-2298784228722095805	Shamela0023594-ara1.ms1025	268645521655610780	167	238	836	1207	1567	300	الإمام----- ما يؤتم-- به قال الله تعالى--------- إني جاعلك للناس إماما------- أي يؤتم--- ويقتدى ب---ك ثم تستعمل لمعاني منها يسمى الكتاب إماما لأنه يؤتم بما أحصاه الكتاب قال الله تعالى- يوم ندعوا كل أناس بإمامهم الإسراء أي بكتابهم-------------------------------- وقال تعالى وكل شيء أحصيناه في إمام مبين يس أي ف-------------ي اللوح المحفوظ وهو الكتاب ويسمى الطريق إماما لأن المسافر يأتم به ويستدل به قال الله تعالى وإنهما لبإمام مبين ------أي بطريق واضح	1025	-6146459113630397427	296	466.0
Shamela0023596-ara1.completed.ms168	-2801902144935148944	54	92	303	499	1565	300	الفرض وجوب الشيء ويقال فرضت عليك كذا أي أوجبته قال الله تعالى فمن فرض فيهن الحج البقرة أي أوجبه على نفسه وقال فنصف ما فرضتم البقرة أي ألزمتم أنفسكم وقال قد علمنا ما فرضنا عليهم في أزواجهم الأحزاب	168	-2298784228722095805	Shamela0023594-ara1.ms0153	-1792681047858632992	58	86	300	443	1521	300	الفرض وجوب الشيء -يقال فرضت عليك كذا أي أوجبته قال الله تعالى------------------------------------------------ فنصف ما فرضتم أي ما---- ألزمتم أنفسكم وقال قد علمنا ما فرضنا عليهم في أزواجهم الأحزاب	153	-6146459113630397427	138	255.5
Shamela0023596-ara1.completed.ms169	-4399319232040830711	41	80	244	449	1611	300	قال تعالى ولا تقولوا لمن ألقى إليكم السلام لست مؤمنا النساء أي------------------------------------------------------------------------------------------------------------------------------------------------------------------------------------------------ انقاد لكم وتابعكم والاستسلام مثله يقال سلم فلان لأمرك------------------- واستسلم وأسلم----- أي دخل في السلم--- كما تقول أشتى الرجل إذا دخل في الشتاء وأربع---- دخل في الربيع	169	-2298784228722095805	Shamela0023594-ara1.ms0400	4642604534562026250	58	134	309	712	1576	300	قال تعالى ولا تقولوا لمن ألقى إليكم السلام لست مؤمنا قرأ أبو عمرو وعاصم وابن كثير والكسائي السلام بالألف وقرأ نافع وابن عامر وحمزة السلم بغير ألف وأما من قرأ السلام فلأن مرداسا قال لهم السلام عليكم وأما من قرأ السلم فهو الدخول والانقياد والمتابعة يعني إن انقاد لكم وتابعك-------------------------م فلا تقولوا له لست مؤمنا وأسلم واستسلم بمعنى واحد أي دخل في الانقياد كما تقول أشتى الرجل إذا دخل في الشتاء وأربع إذا دخل في الربيع	400	-6146459113630397427	156	225.0
Shamela0023596-ara1.completed.ms174	1851771684291693934	23	122	129	627	1626	300	النساء أي شريفا وقال----- إني ألقي إلي كتاب كريم النمل أي شريف لشرف كاتبه ويقال شريف بالختم والكريم الصفوح وذلك من الشرف والفضل قال الله عز وجل فإن ربي غني كريم النمل أي صفوح وقال ما غرك بربك الكريم الانفطار أي الصفوح والكريم الكثير الكرم قال الله تعالى ورزق كريم الأنفال والحج والنور وسبأ أي كثير والكريم الحسن وذلك من الفضل قال الله تعالى أولم يروا إلى الأرض كم أنبتنا فيها من كل زوج كريم الشعراء أي حسن وكذلك قوله من كل زوج بهيج الحج وق أي حسن يبتهج به وقال تعالى وقل لهما قولا كريما الإسراء أي حسنا	174	-2298784228722095805	Shamela0023594-ara1.ms1390	6029121592701210825	0	64	1	325	1520	300	النساء قالت يا أيها الملأ إني ألقي إلي كتاب كريم النمل أي شريف فاضل والكري------------------------م الصفوح وذلك من الشرف كما قا---------------ل فإن ربي غني كريم النم-------------ل ما غرك بربك الكريم الانفطار أي الصفوح والكريم الكثير --كما قال----------- ورزق كريم الأنفال------------------ أي كثير والكريم الحسن وذلك من الشرف والفضل كما قال من كل -----------------------------------زوج كريم الشعراء أي حسن------------------------------------------------------------- وقل لهما قولا كريما الإسراء أي حسنا	1390	-6146459113630397427	271	419.5
Shamela0023596-ara1.completed.ms175	5592685167008468686	35	72	177	390	1615	300	زوجها النساء وقال- احشروا الذين ظلموا وأزواجهم الصافات أي --قرناءهم و--قال وإذا النفوس زوجت التكوير أي قرنت نفوس الكفار بعضها ببعض ومنه قوله وزوجناهم بحور عين الدخان أي قرناهم والعرب تقول زوجت إبلي إذا قرنت بعضها ببعض	175	-2298784228722095805	Shamela0023594-ara1.ms2119	-1477687896235780572	49	77	285	444	1626	300	------القرين كقوله احشروا الذين ظلموا وأزواجهم الصافات يعني قرناءهم ثم قال وإذا النفوس زوجت أي ق--------رنت نفوس الكفار بعضها ببعض--------------------------------------------- والعرب تقول زوجت إبلي إذا قرنت بعضها ببعض	2119	-6146459113630397427	140	250.5
Shamela0023596-ara1.completed.ms176	8653705370000326720	7	119	40	653	1621	300	الأخذ أصله باليد ثم يستعار في مواضع فيكون بمعنى القبول قال الله تعالى وأخذتم على ذلكم إصري آل عمران أي قبلتم عهدي وقال تعالى إن أوتيتم هذا فخذوه المائدة أي فاقبلوه وقال ويأخذ الصدقات التوبة أي يقبلها وقال ولا يؤخذ منها عدل البقرة أي لا يقبل وقال تعالى خذ العفو الأعراف أي اقبله ويكون بمعنى الحبس والأسر قال الله تعالى فخذ أحدنا مكانه يوسف أي احبسه وقال تعالى فاقتلوا المشركين حيث وجدتموهم وخذوهم أي ائسروهم واحصروهم التوبة أي احبسوهم ويقال للأسير أخيذ والأخذ التعذيب قال الله تعالى وكذلك أخذ ربك إذا أخذ القرى هود أي تعذيبه وقال فكلا أخذنا بذنبه العنكبوت أي عذبنا وقال-- وهمت كل أمة برسولهم ليأخذوه غافر أ--ي ليعذبوه	176	-2298784228722095805	Shamela0023594-ara1.ms1495	-843214027867271569	62	105	333	568	1581	300	الأخذ أصله باليد ثم يستعار في مواضع فيكون بمعنى القبول كقوله عز وجل-- وأخذتم على ذلكم إصري آل عمران أي قبلتم عهدي --------------------------------------------------------------------------------------------------------------------------------------------------------------------------------------------------------------------------------------------------------------------------------------------------------------------------------------------------والأخذ التعذيب كقوله--------- وكذلك أخذ ربك وكقوله-------------------------- فكلا أخذنا بذنبه يعن-------ي عذبنا وكقوله وهمت كل أمة برسولهم ليأخذوه غافر يعني ليعذبوه	1495	-6146459113630397427	202	332.0
Shamela0023596-ara1.completed.ms177	8765052125472439672	84	126	462	694	1609	300	الرجم أصله الرمي كقوله تعالى وجعلناها رجوما للشياطين الملك أي مرامي ثم يستعار فيوضع موض-----------------------------------------------------------------------------------------------------------------------------------------------------------------------------------------------------ع القتل لأنهم كانوا يقتلون بالرجم وروي أن ابن آدم قتل أخاه رجما بالحجارة وقتل رجما بالحجارة فلما كان أول القتل كذلك سمي ر------جما وإن لم يكن------ بالحجارة	177	-2298784228722095805	Shamela0023594-ara1.ms0908	3265020597718216369	140	213	723	1126	1561	300	الرجم----- الرمي كقوله تعالى وجعلناها رجوما للشياطين الملك ثم قد------ يستعار ويوضع موضع الشتم إذ الشتم رمي كقوله لئن لم تنته لأرجمنك مريم يعني لأشتمنك ويوضع موضع الظن كقوله رجما بالغيب الكهف أي ظنا والرجم أيضا الطرد واللعن وقيل للشيطان رجيم لأنه طريد يرجم بالكواكب وقد يوضع الرجم موضع القتل لأنهم كانوا يقتلون بالرجم ول---أن ابن آدم قتل أخاه----- بالحج-------------------ارة فلما كان أول القتل رجما سمي القتل رجما وإن لم يكن القتل بالحجارة	908	-6146459113630397427	183	288.0
Shamela0023596-ara1.completed.ms179	-242573582317239320	1	130	7	717	1580	300	ألا له الخلق والأمر الأعراف أي القضاء والأمر الدين قال الله تعالى فتقطعوا أمرهم بينهم المؤمنون أي دينهم وقال تعالى حتى جاء الحق وظهر أمر الله التوبة------------ والأمر القول قال الله تعالى إذ يتنازعون بينهم أمرهم الكهف يعني قولهم والأمر العذاب قال الله تعالى وقال الشيطان لما قضي الأمر إبراهيم أي وجب العذاب وقال تعالى وغيض الماء وقضي الأمر هود والأمر القيامة قال الله تعالى أتى أمر الله فلا تستعجلوه النحل وقال تعالى وتربصتم وارتبتم وغرتكم الأماني حتى جاء أمر الله الحديد أي القيامة أو الموت والأمر الوحي قال الله تعالى يتنزل الأمر بينهن الطلاق والأم-----------ر الذنب قال الله تعالى فذاقت وبال أمرها الطلاق أي جزاء ذنبها و----هذا كله وإن اختلف فأصله واحد ويكنى عن كل شيء بالأمر لأن كل شيء يكون فإنما يكون بأمر الله------ فسميت الأشياء أمورا	179	-2298784228722095805	Shamela0023594-ara1.ms2026	8996166974578709446	87	168	448	907	1543	300	ألا له الخلق والأمر الأعراف أي القضاء والأمر الدين كقوله و---------تقطعوا أمرهم بينهم الأنبياء وكقوله-------------------------- وظهر أمر الله التوبة أي دين الله والأمر القول كقوله------------ يتنازعون بينهم أمرهم الكهف أ--ي قولهم -الأمر العذاب كقوله إنه قد جاء أمر ربك------------------------------------------------------------------------ هود والأمر القيامة كقوله--------- أتى أمر الله فلا تستعجلوه النحل والأم--------------------------------------------------------------------------------------ر الوحي كقوله--------- يتنزل الأمر بينهن الطلاق يعني الوحي والأمر الذنب كقوله--------- فذاقت وبال أمرها الطلاق أي جزاء ذنبها وأصل هذا كل----------------ه واحد----------------------- لأن الأشياء كلها---------- بأمر الله تعالى فسميت الأشياء أمورا	2026	-6146459113630397427	345	523.0
Shamela0023596-ara1.completed.ms181	3543203916544436497	20	107	102	537	1479	300	ويكأن---------------- قد اختلف فيها--------- فقال الكسائي معناها ألم تر قال الله تعالى ويكأن الله يبسط الرزق لمن يشاء القصص وقال و----------------يكأنه لا يفلح الكافرون القصص يريد ألم تر وروى عبد الرزاق عن معمر عن قتادة أنه قال ويكأن أو-----------لا يعلم أن الله يبسط الرزق لمن يشاء وهذا شاهد لقول الكسائي وذكر الخليل-------- أنها مفصولة وي ثم تبتدئ فتقول كأن الله وقال ابن عباس في رواية أبي صالح هي كأن الله يبسط الرزق لمن يشاء كأنه لا يفلح الكافرون وقال وي صلة في الكلام وهذا شاهد لقول الخليل	181	-2298784228722095805	Shamela0023594-ara1.ms1480	9187302052616392516	20	104	100	511	1474	300	ويكأن الله قال القتبي قد اختلف في هذه اللفظة فقال الكسائي معناها ألم تر--------------------- الله يبسط و--------------------------يكأنه يعني ألم تر إنه لا يفلح الكافرون -------------------روى عبد الرزاق عن معمر عن قتادة أنه قال ويكأن الله يعني أو لا يعلم أن الله يبسط--------------- وهذا شاهد لقول الكسائي وذكر الخليل بن أحمد أنها مفصولة وي ثم يبتدئ فيقول كأن الله وقال ابن عباس في رواية أبي صالح--- كان الله يبسط الرزق لمن يشاء كأنه لا يفلح الكافرون وقال وي صلة في الكلام وهذا شاهد لقول الخليل	1480	-6146459113630397427	340	569.0
Shamela0023596-ara1.completed.ms186	4508251827142137885	99	121	488	593	1502	300	أفأمنتم أن يخسف بكم جانب البر أو يرسل عليكم حاصبا ثم لا تجدوا لكم وكيلا أم أمنتم أن يعيدكم فيه تارة أخرى	186	-2298784228722095805	Shamela0023594-ara1.ms1100	3258014917476510325	262	284	1298	1403	1484	300	أفأمنتم أن يخسف بكم جانب البر أو يرسل عليكم حاصبا ثم لا تجدوا لكم وكيلا أم أمنتم أن يعيدكم فيه تارة أخرى	1100	-6146459113630397427	105	210.0
Shamela0023596-ara1.completed.ms187	1142705298909046839	121	221	586	1108	1502	300	إن الخفيفة تكون بم-------------عنى ما كقوله تعالى إن الكافرون إلا في غرور الملك وإن كانت إلا صيحة واحدة يس وإن كل نفس لما عليها حافظ الطارق وقال المفسرون وتكون بمعنى لقد كقوله إن كان وعد ربنا لمفعولا الإسراء وتالله إن كنا لفي ضلال مبين الشعراء وتالله إن كدت لتردين الصافات وفكفى بالله شهيدا بيننا وبينكم إن كنا عن عبادتكم لغافلين يونس وقالوا أيضا وتكون بمعنى إذ كقوله و----لا تهنوا ----ولا تحزنوا وأنتم الأعلون إن كنتم مؤمنين آل عمران أي إذ كنتم وقوله فالله أحق أن تخشوه إن كنتم مؤمنين التوبة وقوله وذروا ما بقي من الربا إن كنتم مؤمنين البقرة	187	-2298784228722095805	Shamela0023594-ara1.ms0215	-3859453735511690535	193	257	999	1325	1549	300	إن الحقيقة على ثلاثة أوجه إن بمعنى ما كقوله------ إن الكافرون إن------------------- كانت إلا صيحة واحدة يس وإن بم-------------------------------------------------عنى لقد كقوله إن كان وعد ربنا لمفعولا الإسراء وتالله إن كنا قال تالله -------------------إن كدت لتردين الصافات إن -------------------------------كنا عن عبادتكم لغافلين يونس وإن بم--------------عنى إذ كقوله وأنتم الأعلون إن كنتم مؤمنين وأنتم الأعلون إن كنتم مؤمنين آل عمران---------------------------------------------------------------- وذروا ما بقي من الربا--------------- البقرة	215	-6146459113630397427	262	421.0
